Origin,Destination,Flight Number
Abu Dhabi,Ahmedabad,G8 6
Abu Dhabi,Ahmedabad,G8 6
Abu Dhabi,Ahmedabad,G8 6
Abu Dhabi,Ahmedabad,G8 6
Abu Dhabi,Ahmedabad,G8 6
Abu Dhabi,Ahmedabad,G8 6
Abu Dhabi,Ahmedabad,G8 6
Abu Dhabi,Ahmedabad,G8 4
Abu Dhabi,Ahmedabad,G8 4
Abu Dhabi,Ahmedabad,G8 6
Abu Dhabi,Ahmedabad,G8 6
Abu Dhabi,Ahmedabad,G8 76
Abu Dhabi,Amritsar,G8 6
Abu Dhabi,Amritsar,G8 4
Abu Dhabi,Amritsar,G8 6
Abu Dhabi,Bagdogra,G8 76
Abu Dhabi,Bangkok,G8 76
Abu Dhabi,Bangkok,G8 76
Abu Dhabi,Bangkok,G8 76
Abu Dhabi,Chandigarh,G8 6
Abu Dhabi,Chandigarh,G8 6
Abu Dhabi,Chandigarh,G8 4
Abu Dhabi,Chandigarh,G8 6
Abu Dhabi,Chandigarh,G8 6
Abu Dhabi,Chandigarh,G8 6
Abu Dhabi,Chandigarh,G8 4
Abu Dhabi,Chandigarh,G8 4
Abu Dhabi,Chandigarh,G8 6
Abu Dhabi,Chandigarh,G8 4
Abu Dhabi,Chandigarh,G8 6
Abu Dhabi,Chandigarh,G8 4
Abu Dhabi,Chandigarh,G8 6
Abu Dhabi,Dehra Dun,G8 6
Abu Dhabi,Dehra Dun,G8 6
Abu Dhabi,Dehra Dun,G8 6
Abu Dhabi,Dehra Dun,G8 4
Abu Dhabi,Dehra Dun,G8 6
Abu Dhabi,Dehra Dun,G8 4
Abu Dhabi,Dehra Dun,G8 6
Abu Dhabi,Dehra Dun,G8 6
Abu Dhabi,Delhi,G8 6
Abu Dhabi,Delhi,G8 6
Abu Dhabi,Delhi,G8 6
Abu Dhabi,Delhi,G8 4
Abu Dhabi,Delhi,G8 6
Abu Dhabi,Delhi,G8 76
Abu Dhabi,Goa,G8 6
Abu Dhabi,Goa,G8 6
Abu Dhabi,Goa,G8 6
Abu Dhabi,Goa,G8 6
Abu Dhabi,Goa,G8 6
Abu Dhabi,Goa,G8 6
Abu Dhabi,Goa,G8 6
Abu Dhabi,Goa,G8 6
Abu Dhabi,Goa,G8 6
Abu Dhabi,Goa,G8 6
Abu Dhabi,Goa,G8 4
Abu Dhabi,Goa,G8 4
Abu Dhabi,Goa,G8 4
Abu Dhabi,Goa,G8 6
Abu Dhabi,Goa,G8 6
Abu Dhabi,Goa,G8 6
Abu Dhabi,Goa,G8 6
Abu Dhabi,Goa,G8 76
Abu Dhabi,Guwahati,G8 76
Abu Dhabi,Jammu,G8 6
Abu Dhabi,Jammu,G8 6
Abu Dhabi,Jammu,G8 4
Abu Dhabi,Jammu,G8 6
Abu Dhabi,Jammu,G8 6
Abu Dhabi,Jammu,G8 4
Abu Dhabi,Jammu,G8 6
Abu Dhabi,Jammu,G8 6
Abu Dhabi,Jammu,G8 76
Abu Dhabi,Kannur,G8 6
Abu Dhabi,Kannur,G8 6
Abu Dhabi,Kannur,G8 4
Abu Dhabi,Kannur,G8 6
Abu Dhabi,Kannur,G8 4
Abu Dhabi,Kannur,G8 6
Abu Dhabi,Kannur,G8 4
Abu Dhabi,Kannur,G8 6
Abu Dhabi,Kannur,G8 4
Abu Dhabi,Kannur,G8 6
Abu Dhabi,Kannur,G8 6
Abu Dhabi,Kannur,G8 6
Abu Dhabi,Kannur,G8 6
Abu Dhabi,Kannur,G8 54
Abu Dhabi,Kochi,G8 6
Abu Dhabi,Kochi,G8 6
Abu Dhabi,Kochi,G8 6
Abu Dhabi,Kochi,G8 6
Abu Dhabi,Kochi,G8 6
Abu Dhabi,Kochi,G8 6
Abu Dhabi,Kochi,G8 4
Abu Dhabi,Kochi,G8 6
Abu Dhabi,Kochi,G8 6
Abu Dhabi,Kochi,G8 64
Abu Dhabi,Kochi,G8 64
Abu Dhabi,Leh,G8 76
Abu Dhabi,Leh,G8 76
Abu Dhabi,Leh,G8 76
Abu Dhabi,Leh,G8 76
Abu Dhabi,Lucknow,G8 6
Abu Dhabi,Lucknow,G8 6
Abu Dhabi,Lucknow,G8 6
Abu Dhabi,Lucknow,G8 6
Abu Dhabi,Lucknow,G8 6
Abu Dhabi,Lucknow,G8 6
Abu Dhabi,Lucknow,G8 6
Abu Dhabi,Lucknow,G8 4
Abu Dhabi,Lucknow,G8 4
Abu Dhabi,Lucknow,G8 6
Abu Dhabi,Lucknow,G8 6
Abu Dhabi,Lucknow,G8 6
Abu Dhabi,Mumbai,G8 6
Abu Dhabi,Mumbai,G8 6
Abu Dhabi,Mumbai,G8 6
Abu Dhabi,Mumbai,G8 4
Abu Dhabi,Mumbai,G8 6
Abu Dhabi,Mumbai,G8 76
Abu Dhabi,Mumbai,G8 76
Abu Dhabi,Nagpur,G8 4
Abu Dhabi,Patna,G8 6
Abu Dhabi,Patna,G8 6
Abu Dhabi,Patna,G8 6
Abu Dhabi,Patna,G8 4
Abu Dhabi,Patna,G8 6
Abu Dhabi,Patna,G8 76
Abu Dhabi,Phuket,G8 76
Abu Dhabi,Phuket,G8 76
Abu Dhabi,Phuket,G8 76
Abu Dhabi,Phuket,G8 76
Abu Dhabi,Pune,G8 76
Abu Dhabi,Pune,G8 76
Abu Dhabi,Ranchi,G8 6
Abu Dhabi,Ranchi,G8 6
Abu Dhabi,Ranchi,G8 4
Abu Dhabi,Ranchi,G8 6
Abu Dhabi,Ranchi,G8 4
Abu Dhabi,Ranchi,G8 6
Abu Dhabi,Ranchi,G8 6
Abu Dhabi,Ranchi,G8 6
Abu Dhabi,Ranchi,G8 4
Abu Dhabi,Ranchi,G8 6
Abu Dhabi,Ranchi,G8 4
Abu Dhabi,Ranchi,G8 76
Abu Dhabi,Ranchi,G8 6
Abu Dhabi,Ranchi,G8 4
Abu Dhabi,Ranchi,G8 6
Abu Dhabi,Ranchi,G8 4
Abu Dhabi,Ranchi,G8 6
Abu Dhabi,Ranchi,G8 4
Abu Dhabi,Ranchi,G8 76
Abu Dhabi,Ranchi,G8 6
Abu Dhabi,Ranchi,G8 76
Abu Dhabi,Srinagar,G8 76
Abu Dhabi,Srinagar,G8 76
Abu Dhabi,Srinagar,G8 6
Abu Dhabi,Srinagar,G8 76
Abu Dhabi,Srinagar,G8 76
Abu Dhabi,Srinagar,G8 76
Abu Dhabi,Srinagar,G8 76
Abu Dhabi,Srinagar,G8 6
Abu Dhabi,Srinagar,G8 6
Abu Dhabi,Srinagar,G8 76
Abu Dhabi,Srinagar,G8 76
Abu Dhabi,Srinagar,G8 76
Abu Dhabi,Srinagar,G8 76
Abu Dhabi,Srinagar,G8 76
Abu Dhabi,Srinagar,G8 76
Abu Dhabi,Varanasi,G8 6
Abu Dhabi,Varanasi,G8 6
Abu Dhabi,Varanasi,G8 6
Abu Dhabi,Varanasi,G8 4
Abu Dhabi,Varanasi,G8 6
Ahmedabad,Abu Dhabi,G8 2505
Ahmedabad,Abu Dhabi,G8 459
Ahmedabad,Abu Dhabi,G8 720
Ahmedabad,Abu Dhabi,G8 720
Ahmedabad,Abu Dhabi,G8 2505
Ahmedabad,Abu Dhabi,G8 459
Ahmedabad,Abu Dhabi,G8 2505
Ahmedabad,Abu Dhabi,G8 459
Ahmedabad,Abu Dhabi,G8 720
Ahmedabad,Amritsar,G8 537
Ahmedabad,Amritsar,G8 684
Ahmedabad,Amritsar,G8 537
Ahmedabad,Amritsar,G8 684
Ahmedabad,Amritsar,G8 537
Ahmedabad,Amritsar,G8 684
Ahmedabad,Amritsar,G8 2505
Ahmedabad,Amritsar,G8 684
Ahmedabad,Amritsar,G8 459
Ahmedabad,Bagdogra,G8 718
Ahmedabad,Bagdogra,G8 714
Ahmedabad,Bagdogra,G8 720
Ahmedabad,Bagdogra,G8 718
Ahmedabad,Bagdogra,G8 718
Ahmedabad,Bagdogra,G8 714
Ahmedabad,Bagdogra,G8 718
Ahmedabad,Bagdogra,G8 720
Ahmedabad,Bagdogra,G8 718
Ahmedabad,Bagdogra,G8 718
Ahmedabad,Bagdogra,G8 714
Ahmedabad,Bagdogra,G8 718
Ahmedabad,Bagdogra,G8 720
Ahmedabad,Bangkok,G8 718
Ahmedabad,Bangkok,G8 714
Ahmedabad,Bangkok,G8 718
Ahmedabad,Bangkok,G8 718
Ahmedabad,Bangkok,G8 718
Ahmedabad,Bangkok,G8 714
Ahmedabad,Bangkok,G8 714
Ahmedabad,Bangkok,G8 718
Ahmedabad,Bangkok,G8 718
Ahmedabad,Bangkok,G8 714
Ahmedabad,Bangkok,G8 718
Ahmedabad,Bangkok,G8 2505
Ahmedabad,Bangkok,G8 684
Ahmedabad,Bangkok,G8 2505
Ahmedabad,Bangkok,G8 684
Ahmedabad,Bengaluru,G8 767
Ahmedabad,Bengaluru,G8 537
Ahmedabad,Bengaluru,G8 718
Ahmedabad,Bengaluru,G8 767
Ahmedabad,Bengaluru,G8 714
Ahmedabad,Bengaluru,G8 720
Ahmedabad,Bengaluru,G8 718
Ahmedabad,Bengaluru,G8 537
Ahmedabad,Bengaluru,G8 718
Ahmedabad,Bengaluru,G8 714
Ahmedabad,Bengaluru,G8 718
Ahmedabad,Bengaluru,G8 720
Ahmedabad,Bengaluru,G8 2505
Ahmedabad,Bengaluru,G8 684
Ahmedabad,Bengaluru,G8 767
Ahmedabad,Bengaluru,G8 767
Ahmedabad,Bengaluru,G8 718
Ahmedabad,Bengaluru,G8 537
Ahmedabad,Bengaluru,G8 718
Ahmedabad,Bengaluru,G8 2505
Ahmedabad,Bengaluru,G8 2505
Ahmedabad,Bengaluru,G8 684
Ahmedabad,Bengaluru,G8 684
Ahmedabad,Bengaluru,G8 767
Ahmedabad,Bengaluru,G8 714
Ahmedabad,Bengaluru,G8 718
Ahmedabad,Bengaluru,G8 720
Ahmedabad,Bengaluru,G8 2505
Ahmedabad,Bengaluru,G8 767
Ahmedabad,Bengaluru,G8 684
Ahmedabad,Bengaluru,G8 684
Ahmedabad,Bengaluru,G8 804
Ahmedabad,Chandigarh,G8 911
Ahmedabad,Chandigarh,G8 911
Ahmedabad,Chennai,G8 537
Ahmedabad,Chennai,G8 684
Ahmedabad,Chennai,G8 2505
Ahmedabad,Chennai,G8 684
Ahmedabad,Chennai,G8 684
Ahmedabad,Chennai,G8 537
Ahmedabad,Chennai,G8 684
Ahmedabad,Chennai,G8 684
Ahmedabad,Chennai,G8 537
Ahmedabad,Chennai,G8 2505
Ahmedabad,Chennai,G8 684
Ahmedabad,Chennai,G8 684
Ahmedabad,Chennai,G8 684
Ahmedabad,Chennai,G8 2505
Ahmedabad,Chennai,G8 684
Ahmedabad,Dehra Dun,G8 459
Ahmedabad,Dehra Dun,G8 459
Ahmedabad,Dehra Dun,G8 459
Ahmedabad,Delhi,G8 718
Ahmedabad,Delhi,G8 714
Ahmedabad,Delhi,G8 720
Ahmedabad,Delhi,G8 718
Ahmedabad,Delhi,G8 718
Ahmedabad,Delhi,G8 714
Ahmedabad,Delhi,G8 718
Ahmedabad,Delhi,G8 720
Ahmedabad,Delhi,G8 718
Ahmedabad,Delhi,G8 718
Ahmedabad,Delhi,G8 714
Ahmedabad,Delhi,G8 718
Ahmedabad,Delhi,G8 720
Ahmedabad,Goa,G8 537
Ahmedabad,Goa,G8 537
Ahmedabad,Goa,G8 537
Ahmedabad,Goa,G8 2505
Ahmedabad,Goa,G8 2505
Ahmedabad,Goa,G8 459
Ahmedabad,Goa,G8 459
Ahmedabad,Goa,G8 1914
Ahmedabad,Goa,G8 459
Ahmedabad,Goa,G8 684
Ahmedabad,Goa,G8 1914
Ahmedabad,Goa,G8 459
Ahmedabad,Goa,G8 684
Ahmedabad,Goa-New Goa,G8 804
Ahmedabad,Guwahati,G8 720
Ahmedabad,Guwahati,G8 720
Ahmedabad,Guwahati,G8 720
Ahmedabad,Hyderabad,G8 720
Ahmedabad,Hyderabad,G8 720
Ahmedabad,Hyderabad,G8 720
Ahmedabad,Jammu,G8 720
Ahmedabad,Jammu,G8 720
Ahmedabad,Jammu,G8 720
Ahmedabad,Jeddah,G8 2505
Ahmedabad,Jeddah,G8 459
Ahmedabad,Jeddah,G8 2505
Ahmedabad,Jeddah,G8 459
Ahmedabad,Kannur,G8 459
Ahmedabad,Kannur,G8 459
Ahmedabad,Kannur,G8 459
Ahmedabad,Kannur,G8 459
Ahmedabad,Kannur,G8 459
Ahmedabad,Kannur,G8 459
Ahmedabad,Kochi,G8 537
Ahmedabad,Kochi,G8 537
Ahmedabad,Kochi,G8 537
Ahmedabad,Kochi,G8 684
Ahmedabad,Kochi,G8 2505
Ahmedabad,Kochi,G8 459
Ahmedabad,Kolkata,G8 718
Ahmedabad,Kolkata,G8 714
Ahmedabad,Kolkata,G8 718
Ahmedabad,Kolkata,G8 718
Ahmedabad,Kolkata,G8 714
Ahmedabad,Kolkata,G8 718
Ahmedabad,Kolkata,G8 718
Ahmedabad,Kolkata,G8 718
Ahmedabad,Kolkata,G8 714
Ahmedabad,Kolkata,G8 714
Ahmedabad,Kolkata,G8 718
Ahmedabad,Kuwait,G8 2505
Ahmedabad,Kuwait,G8 459
Ahmedabad,Kuwait,G8 2505
Ahmedabad,Kuwait,G8 459
Ahmedabad,Leh,G8 537
Ahmedabad,Leh,G8 718
Ahmedabad,Leh,G8 718
Ahmedabad,Leh,G8 718
Ahmedabad,Leh,G8 718
Ahmedabad,Leh,G8 718
Ahmedabad,Leh,G8 714
Ahmedabad,Leh,G8 714
Ahmedabad,Leh,G8 714
Ahmedabad,Leh,G8 714
Ahmedabad,Leh,G8 714
Ahmedabad,Leh,G8 714
Ahmedabad,Leh,G8 718
Ahmedabad,Leh,G8 718
Ahmedabad,Leh,G8 718
Ahmedabad,Leh,G8 718
Ahmedabad,Leh,G8 718
Ahmedabad,Leh,G8 718
Ahmedabad,Leh,G8 718
Ahmedabad,Leh,G8 718
Ahmedabad,Leh,G8 718
Ahmedabad,Leh,G8 537
Ahmedabad,Leh,G8 718
Ahmedabad,Leh,G8 718
Ahmedabad,Leh,G8 718
Ahmedabad,Leh,G8 718
Ahmedabad,Leh,G8 718
Ahmedabad,Leh,G8 714
Ahmedabad,Leh,G8 714
Ahmedabad,Leh,G8 714
Ahmedabad,Leh,G8 714
Ahmedabad,Leh,G8 714
Ahmedabad,Leh,G8 718
Ahmedabad,Leh,G8 718
Ahmedabad,Leh,G8 718
Ahmedabad,Leh,G8 718
Ahmedabad,Leh,G8 718
Ahmedabad,Leh,G8 718
Ahmedabad,Leh,G8 718
Ahmedabad,Leh,G8 718
Ahmedabad,Leh,G8 718
Ahmedabad,Leh,G8 718
Ahmedabad,Leh,G8 718
Ahmedabad,Leh,G8 718
Ahmedabad,Leh,G8 718
Ahmedabad,Leh,G8 718
Ahmedabad,Leh,G8 718
Ahmedabad,Leh,G8 537
Ahmedabad,Leh,G8 718
Ahmedabad,Leh,G8 718
Ahmedabad,Leh,G8 718
Ahmedabad,Leh,G8 718
Ahmedabad,Leh,G8 718
Ahmedabad,Leh,G8 684
Ahmedabad,Leh,G8 714
Ahmedabad,Leh,G8 714
Ahmedabad,Leh,G8 714
Ahmedabad,Leh,G8 714
Ahmedabad,Leh,G8 714
Ahmedabad,Leh,G8 714
Ahmedabad,Leh,G8 714
Ahmedabad,Leh,G8 714
Ahmedabad,Leh,G8 714
Ahmedabad,Leh,G8 718
Ahmedabad,Leh,G8 718
Ahmedabad,Leh,G8 718
Ahmedabad,Leh,G8 718
Ahmedabad,Leh,G8 718
Ahmedabad,Leh,G8 718
Ahmedabad,Leh,G8 718
Ahmedabad,Leh,G8 718
Ahmedabad,Leh,G8 718
Ahmedabad,Lucknow,G8 2505
Ahmedabad,Lucknow,G8 459
Ahmedabad,Mumbai,G8 537
Ahmedabad,Mumbai,G8 537
Ahmedabad,Mumbai,G8 537
Ahmedabad,Mumbai,G8 2505
Ahmedabad,Mumbai,G8 459
Ahmedabad,Mumbai,G8 684
Ahmedabad,Nagpur,G8 537
Ahmedabad,Nagpur,G8 720
Ahmedabad,Nagpur,G8 537
Ahmedabad,Nagpur,G8 720
Ahmedabad,Nagpur,G8 537
Ahmedabad,Nagpur,G8 720
Ahmedabad,Nagpur,G8 2505
Ahmedabad,Nagpur,G8 684
Ahmedabad,Nagpur,G8 684
Ahmedabad,Nagpur,G8 459
Ahmedabad,Patna,G8 718
Ahmedabad,Patna,G8 714
Ahmedabad,Patna,G8 718
Ahmedabad,Patna,G8 718
Ahmedabad,Patna,G8 714
Ahmedabad,Patna,G8 718
Ahmedabad,Patna,G8 718
Ahmedabad,Patna,G8 718
Ahmedabad,Patna,G8 714
Ahmedabad,Patna,G8 718
Ahmedabad,Patna,G8 804
Ahmedabad,Phuket,G8 537
Ahmedabad,Phuket,G8 2505
Ahmedabad,Phuket,G8 684
Ahmedabad,Phuket,G8 714
Ahmedabad,Phuket,G8 718
Ahmedabad,Phuket,G8 2505
Ahmedabad,Phuket,G8 684
Ahmedabad,Phuket,G8 718
Ahmedabad,Phuket,G8 537
Ahmedabad,Phuket,G8 718
Ahmedabad,Phuket,G8 714
Ahmedabad,Phuket,G8 718
Ahmedabad,Phuket,G8 718
Ahmedabad,Phuket,G8 537
Ahmedabad,Phuket,G8 2505
Ahmedabad,Phuket,G8 684
Ahmedabad,Phuket,G8 2505
Ahmedabad,Phuket,G8 684
Ahmedabad,Phuket,G8 714
Ahmedabad,Phuket,G8 718
Ahmedabad,Phuket,G8 714
Ahmedabad,Phuket,G8 718
Ahmedabad,Phuket,G8 2505
Ahmedabad,Phuket,G8 684
Ahmedabad,Phuket,G8 804
Ahmedabad,Ranchi,G8 720
Ahmedabad,Ranchi,G8 459
Ahmedabad,Ranchi,G8 459
Ahmedabad,Ranchi,G8 720
Ahmedabad,Ranchi,G8 720
Ahmedabad,Ranchi,G8 720
Ahmedabad,Ranchi,G8 459
Ahmedabad,Ranchi,G8 459
Ahmedabad,Ranchi,G8 720
Ahmedabad,Ranchi,G8 720
Ahmedabad,Ranchi,G8 720
Ahmedabad,Ranchi,G8 720
Ahmedabad,Ranchi,G8 459
Ahmedabad,Ranchi,G8 459
Ahmedabad,Ranchi,G8 720
Ahmedabad,Ranchi,G8 720
Ahmedabad,Ranchi,G8 720
Ahmedabad,Ranchi,G8 459
Ahmedabad,Ranchi,G8 804
Ahmedabad,Srinagar,G8 718
Ahmedabad,Srinagar,G8 718
Ahmedabad,Srinagar,G8 714
Ahmedabad,Srinagar,G8 714
Ahmedabad,Srinagar,G8 714
Ahmedabad,Srinagar,G8 720
Ahmedabad,Srinagar,G8 720
Ahmedabad,Srinagar,G8 720
Ahmedabad,Srinagar,G8 720
Ahmedabad,Srinagar,G8 720
Ahmedabad,Srinagar,G8 459
Ahmedabad,Srinagar,G8 714
Ahmedabad,Srinagar,G8 714
Ahmedabad,Srinagar,G8 718
Ahmedabad,Srinagar,G8 718
Ahmedabad,Srinagar,G8 718
Ahmedabad,Srinagar,G8 718
Ahmedabad,Srinagar,G8 720
Ahmedabad,Srinagar,G8 718
Ahmedabad,Srinagar,G8 718
Ahmedabad,Srinagar,G8 720
Ahmedabad,Srinagar,G8 714
Ahmedabad,Srinagar,G8 714
Ahmedabad,Srinagar,G8 714
Ahmedabad,Srinagar,G8 718
Ahmedabad,Srinagar,G8 718
Ahmedabad,Srinagar,G8 718
Ahmedabad,Srinagar,G8 720
Ahmedabad,Srinagar,G8 720
Ahmedabad,Srinagar,G8 718
Ahmedabad,Srinagar,G8 718
Ahmedabad,Srinagar,G8 718
Ahmedabad,Srinagar,G8 718
Ahmedabad,Srinagar,G8 718
Ahmedabad,Srinagar,G8 718
Ahmedabad,Srinagar,G8 714
Ahmedabad,Srinagar,G8 720
Ahmedabad,Srinagar,G8 720
Ahmedabad,Srinagar,G8 720
Ahmedabad,Srinagar,G8 459
Ahmedabad,Srinagar,G8 714
Ahmedabad,Srinagar,G8 714
Ahmedabad,Srinagar,G8 714
Ahmedabad,Srinagar,G8 714
Ahmedabad,Srinagar,G8 714
Ahmedabad,Srinagar,G8 718
Ahmedabad,Srinagar,G8 718
Ahmedabad,Srinagar,G8 718
Ahmedabad,Srinagar,G8 718
Ahmedabad,Srinagar,G8 720
Ahmedabad,Srinagar,G8 720
Ahmedabad,Srinagar,G8 911
Ahmedabad,Srinagar,G8 911
Ahmedabad,Varanasi,G8 767
Amritsar,Abu Dhabi,G8 2412
Amritsar,Abu Dhabi,G8 2412
Amritsar,Abu Dhabi,G8 2412
Amritsar,Abu Dhabi,G8 2412
Amritsar,Abu Dhabi,G8 2412
Amritsar,Abu Dhabi,G8 2412
Amritsar,Abu Dhabi,G8 2412
Amritsar,Abu Dhabi,G8 2412
Amritsar,Abu Dhabi,G8 2412
Amritsar,Ahmedabad,G8 2412
Amritsar,Ahmedabad,G8 2412
Amritsar,Ahmedabad,G8 2412
Amritsar,Ahmedabad,G8 2412
Amritsar,Ahmedabad,G8 2412
Amritsar,Ahmedabad,G8 2412
Amritsar,Ahmedabad,G8 2412
Amritsar,Ahmedabad,G8 2412
Amritsar,Ahmedabad,G8 2412
Amritsar,Ahmedabad,G8 2412
Amritsar,Ahmedabad,G8 2418
Amritsar,Bangkok,G8 2418
Amritsar,Bangkok,G8 2418
Amritsar,Bengaluru,G8 2412
Amritsar,Bengaluru,G8 2412
Amritsar,Bengaluru,G8 2412
Amritsar,Bengaluru,G8 2412
Amritsar,Bengaluru,G8 2412
Amritsar,Bengaluru,G8 2412
Amritsar,Bengaluru,G8 2412
Amritsar,Bengaluru,G8 2412
Amritsar,Bengaluru,G8 2412
Amritsar,Bengaluru,G8 2418
Amritsar,Chennai,G8 2418
Amritsar,Chennai,G8 2418
Amritsar,Chennai,G8 2418
Amritsar,Chennai,G8 2418
Amritsar,Chennai,G8 2418
Amritsar,Chennai,G8 2412
Amritsar,Chennai,G8 2418
Amritsar,Dehra Dun,G8 2412
Amritsar,Dehra Dun,G8 2412
Amritsar,Dehra Dun,G8 2412
Amritsar,Dehra Dun,G8 2412
Amritsar,Goa,G8 2412
Amritsar,Goa,G8 2412
Amritsar,Goa,G8 2412
Amritsar,Goa,G8 2412
Amritsar,Goa,G8 2412
Amritsar,Goa,G8 2412
Amritsar,Goa,G8 2412
Amritsar,Goa,G8 2412
Amritsar,Goa,G8 2412
Amritsar,Goa,G8 2412
Amritsar,Goa,G8 2412
Amritsar,Goa,G8 2412
Amritsar,Goa,G8 2412
Amritsar,Goa,G8 2412
Amritsar,Goa,G8 2412
Amritsar,Goa,G8 2412
Amritsar,Goa,G8 2412
Amritsar,Goa,G8 2412
Amritsar,Goa,G8 2412
Amritsar,Goa,G8 2412
Amritsar,Goa,G8 2412
Amritsar,Goa,G8 2418
Amritsar,Goa,G8 2418
Amritsar,Jammu,G8 2418
Amritsar,Jammu,G8 2418
Amritsar,Jammu,G8 2418
Amritsar,Kannur,G8 2412
Amritsar,Kannur,G8 2412
Amritsar,Kannur,G8 2412
Amritsar,Kannur,G8 2412
Amritsar,Kannur,G8 2412
Amritsar,Kannur,G8 2412
Amritsar,Kannur,G8 2412
Amritsar,Kochi,G8 2412
Amritsar,Kochi,G8 2412
Amritsar,Kochi,G8 2412
Amritsar,Kochi,G8 2412
Amritsar,Kochi,G8 2412
Amritsar,Kochi,G8 2412
Amritsar,Kochi,G8 2412
Amritsar,Kochi,G8 2418
Amritsar,Kuwait,G8 2412
Amritsar,Kuwait,G8 2412
Amritsar,Kuwait,G8 2412
Amritsar,Leh,G8 2418
Amritsar,Lucknow,G8 2412
Amritsar,Lucknow,G8 2412
Amritsar,Lucknow,G8 2412
Amritsar,Lucknow,G8 2412
Amritsar,Lucknow,G8 2412
Amritsar,Lucknow,G8 2412
Amritsar,Lucknow,G8 2412
Amritsar,Lucknow,G8 2418
Amritsar,Mumbai,G8 2412
Amritsar,Mumbai,G8 2412
Amritsar,Mumbai,G8 2412
Amritsar,Mumbai,G8 2412
Amritsar,Mumbai,G8 2412
Amritsar,Mumbai,G8 2412
Amritsar,Mumbai,G8 2412
Amritsar,Mumbai,G8 2418
Amritsar,Nagpur,G8 2412
Amritsar,Nagpur,G8 2412
Amritsar,Nagpur,G8 2412
Amritsar,Nagpur,G8 2412
Amritsar,Nagpur,G8 2412
Amritsar,Nagpur,G8 2412
Amritsar,Nagpur,G8 2412
Amritsar,Nagpur,G8 2418
Amritsar,Nagpur,G8 2418
Amritsar,Patna,G8 2418
Amritsar,Phuket,G8 2418
Amritsar,Phuket,G8 2418
Amritsar,Phuket,G8 2418
Amritsar,Phuket,G8 2418
Amritsar,Phuket,G8 2418
Amritsar,Ranchi,G8 2412
Amritsar,Ranchi,G8 2412
Amritsar,Ranchi,G8 2412
Amritsar,Ranchi,G8 2412
Amritsar,Ranchi,G8 2412
Amritsar,Ranchi,G8 2412
Amritsar,Ranchi,G8 2412
Amritsar,Ranchi,G8 2412
Amritsar,Ranchi,G8 2412
Amritsar,Ranchi,G8 2412
Amritsar,Ranchi,G8 2412
Amritsar,Ranchi,G8 2412
Amritsar,Ranchi,G8 2412
Amritsar,Varanasi,G8 2412
Amritsar,Varanasi,G8 2412
Amritsar,Varanasi,G8 2412
Bagdogra,Ahmedabad,G8 758
Bagdogra,Ahmedabad,G8 758
Bagdogra,Ahmedabad,G8 758
Bagdogra,Bangkok,G8 758
Bagdogra,Bangkok,G8 758
Bagdogra,Bangkok,G8 758
Bagdogra,Bengaluru,G8 758
Bagdogra,Bengaluru,G8 758
Bagdogra,Delhi,G8 3148
Bagdogra,Delhi,G8 758
Bagdogra,Guwahati,G8 3148
Bagdogra,Hyderabad,G8 758
Bagdogra,Leh,G8 758
Bagdogra,Leh,G8 758
Bagdogra,Leh,G8 758
Bagdogra,Mumbai,G8 758
Bagdogra,Mumbai,G8 758
Bagdogra,Mumbai,G8 758
Bagdogra,Phuket,G8 758
Bagdogra,Phuket,G8 758
Bagdogra,Phuket,G8 758
Bagdogra,Phuket,G8 758
Bagdogra,Pune,G8 758
Bagdogra,Srinagar,G8 758
Bangkok,Abu Dhabi,G8 26
Bangkok,Abu Dhabi,G8 26
Bangkok,Abu Dhabi,G8 26
Bangkok,Ahmedabad,G8 38
Bangkok,Ahmedabad,G8 38
Bangkok,Ahmedabad,G8 38
Bangkok,Ahmedabad,G8 38
Bangkok,Ahmedabad,G8 26
Bangkok,Amritsar,G8 26
Bangkok,Amritsar,G8 26
Bangkok,Bagdogra,G8 38
Bangkok,Bagdogra,G8 38
Bangkok,Bagdogra,G8 38
Bangkok,Bagdogra,G8 38
Bangkok,Bengaluru,G8 38
Bangkok,Bengaluru,G8 26
Bangkok,Bengaluru,G8 38
Bangkok,Bengaluru,G8 38
Bangkok,Bengaluru,G8 26
Bangkok,Bengaluru,G8 26
Bangkok,Bengaluru,G8 38
Bangkok,Bengaluru,G8 26
Bangkok,Chandigarh,G8 26
Bangkok,Chandigarh,G8 26
Bangkok,Chandigarh,G8 26
Bangkok,Delhi,G8 38
Bangkok,Delhi,G8 26
Bangkok,Delhi,G8 26
Bangkok,Delhi,G8 38
Bangkok,Delhi,G8 38
Bangkok,Delhi,G8 38
Bangkok,Delhi,G8 26
Bangkok,Delhi,G8 26
Bangkok,Delhi,G8 26
Bangkok,Goa,G8 26
Bangkok,Goa,G8 26
Bangkok,Hyderabad,G8 38
Bangkok,Hyderabad,G8 38
Bangkok,Hyderabad,G8 38
Bangkok,Hyderabad,G8 38
Bangkok,Jaipur,G8 26
Bangkok,Kolkata,G8 38
Bangkok,Kolkata,G8 38
Bangkok,Kolkata,G8 38
Bangkok,Kolkata,G8 38
Bangkok,Leh,G8 38
Bangkok,Leh,G8 38
Bangkok,Leh,G8 38
Bangkok,Leh,G8 38
Bangkok,Leh,G8 38
Bangkok,Leh,G8 38
Bangkok,Leh,G8 38
Bangkok,Leh,G8 38
Bangkok,Leh,G8 38
Bangkok,Leh,G8 38
Bangkok,Leh,G8 38
Bangkok,Leh,G8 38
Bangkok,Leh,G8 38
Bangkok,Leh,G8 38
Bangkok,Leh,G8 38
Bangkok,Leh,G8 38
Bangkok,Leh,G8 38
Bangkok,Leh,G8 26
Bangkok,Mumbai,G8 38
Bangkok,Mumbai,G8 38
Bangkok,Mumbai,G8 38
Bangkok,Mumbai,G8 38
Bangkok,Mumbai,G8 38
Bangkok,Mumbai,G8 38
Bangkok,Mumbai,G8 38
Bangkok,Mumbai,G8 38
Bangkok,Mumbai,G8 38
Bangkok,Mumbai,G8 38
Bangkok,Mumbai,G8 38
Bangkok,Mumbai,G8 26
Bangkok,Nagpur,G8 26
Bangkok,Srinagar,G8 38
Bangkok,Srinagar,G8 38
Bangkok,Srinagar,G8 38
Bangkok,Srinagar,G8 38
Bengaluru,Abu Dhabi,G8 395
Bengaluru,Abu Dhabi,G8 395
Bengaluru,Abu Dhabi,G8 395
Bengaluru,Abu Dhabi,G8 116
Bengaluru,Ahmedabad,G8 399
Bengaluru,Ahmedabad,G8 399
Bengaluru,Ahmedabad,G8 399
Bengaluru,Ahmedabad,G8 803
Bengaluru,Ahmedabad,G8 399
Bengaluru,Ahmedabad,G8 399
Bengaluru,Ahmedabad,G8 399
Bengaluru,Ahmedabad,G8 803
Bengaluru,Ahmedabad,G8 395
Bengaluru,Ahmedabad,G8 399
Bengaluru,Ahmedabad,G8 285
Bengaluru,Ahmedabad,G8 395
Bengaluru,Amritsar,G8 399
Bengaluru,Amritsar,G8 399
Bengaluru,Amritsar,G8 399
Bengaluru,Amritsar,G8 399
Bengaluru,Amritsar,G8 399
Bengaluru,Amritsar,G8 399
Bengaluru,Amritsar,G8 399
Bengaluru,Amritsar,G8 399
Bengaluru,Amritsar,G8 399
Bengaluru,Amritsar,G8 399
Bengaluru,Amritsar,G8 399
Bengaluru,Amritsar,G8 399
Bengaluru,Amritsar,G8 395
Bengaluru,Bagdogra,G8 118
Bengaluru,Bagdogra,G8 116
Bengaluru,Bangkok,G8 399
Bengaluru,Bangkok,G8 399
Bengaluru,Bangkok,G8 118
Bengaluru,Bangkok,G8 399
Bengaluru,Bangkok,G8 118
Bengaluru,Bangkok,G8 399
Bengaluru,Bangkok,G8 118
Bengaluru,Bangkok,G8 399
Bengaluru,Bangkok,G8 399
Bengaluru,Chandigarh,G8 399
Bengaluru,Chandigarh,G8 395
Bengaluru,Chandigarh,G8 399
Bengaluru,Chandigarh,G8 395
Bengaluru,Chandigarh,G8 399
Bengaluru,Chandigarh,G8 395
Bengaluru,Chandigarh,G8 399
Bengaluru,Chandigarh,G8 395
Bengaluru,Chandigarh,G8 399
Bengaluru,Chandigarh,G8 395
Bengaluru,Chandigarh,G8 399
Bengaluru,Chandigarh,G8 803
Bengaluru,Chandigarh,G8 803
Bengaluru,Chandigarh,G8 395
Bengaluru,Chennai,G8 399
Bengaluru,Chennai,G8 399
Bengaluru,Chennai,G8 399
Bengaluru,Chennai,G8 399
Bengaluru,Chennai,G8 399
Bengaluru,Chennai,G8 399
Bengaluru,Chennai,G8 399
Bengaluru,Chennai,G8 399
Bengaluru,Chennai,G8 399
Bengaluru,Chennai,G8 399
Bengaluru,Chennai,G8 399
Bengaluru,Dehra Dun,G8 395
Bengaluru,Dehra Dun,G8 395
Bengaluru,Dehra Dun,G8 395
Bengaluru,Delhi,G8 374
Bengaluru,Delhi,G8 399
Bengaluru,Delhi,G8 399
Bengaluru,Delhi,G8 399
Bengaluru,Delhi,G8 399
Bengaluru,Delhi,G8 374
Bengaluru,Delhi,G8 803
Bengaluru,Delhi,G8 803
Bengaluru,Delhi,G8 803
Bengaluru,Delhi,G8 374
Bengaluru,Delhi,G8 395
Bengaluru,Delhi,G8 803
Bengaluru,Delhi,G8 803
Bengaluru,Delhi,G8 374
Bengaluru,Delhi,G8 399
Bengaluru,Delhi,G8 399
Bengaluru,Delhi,G8 395
Bengaluru,Delhi,G8 399
Bengaluru,Delhi,G8 803
Bengaluru,Delhi,G8 374
Bengaluru,Delhi,G8 399
Bengaluru,Delhi,G8 374
Bengaluru,Delhi,G8 395
Bengaluru,Delhi,G8 803
Bengaluru,Delhi,G8 803
Bengaluru,Delhi,G8 873
Bengaluru,Delhi,G8 399
Bengaluru,Delhi,G8 399
Bengaluru,Delhi,G8 241
Bengaluru,Delhi,G8 241
Bengaluru,Delhi,G8 116
Bengaluru,Delhi,G8 118
Bengaluru,Delhi,G8 241
Bengaluru,Delhi,G8 285
Bengaluru,Delhi,G8 374
Bengaluru,Delhi,G8 395
Bengaluru,Delhi,G8 395
Bengaluru,Goa,G8 285
Bengaluru,Goa-New Goa,G8 2122
Bengaluru,Guwahati,G8 116
Bengaluru,Jaipur,G8 3121
Bengaluru,Jaipur,G8 3121
Bengaluru,Jaipur,G8 3121
Bengaluru,Jaipur,G8 395
Bengaluru,Jammu,G8 399
Bengaluru,Jammu,G8 399
Bengaluru,Jammu,G8 399
Bengaluru,Jammu,G8 399
Bengaluru,Jammu,G8 399
Bengaluru,Jammu,G8 399
Bengaluru,Jammu,G8 399
Bengaluru,Jammu,G8 399
Bengaluru,Jammu,G8 116
Bengaluru,Jeddah,G8 395
Bengaluru,Jeddah,G8 395
Bengaluru,Kannur,G8 395
Bengaluru,Kannur,G8 395
Bengaluru,Kannur,G8 395
Bengaluru,Kannur,G8 395
Bengaluru,Kannur,G8 395
Bengaluru,Kannur,G8 395
Bengaluru,Kochi,G8 542
Bengaluru,Kochi,G8 542
Bengaluru,Kochi,G8 542
Bengaluru,Kochi,G8 542
Bengaluru,Kochi,G8 542
Bengaluru,Kolkata,G8 118
Bengaluru,Kolkata,G8 118
Bengaluru,Kuwait,G8 395
Bengaluru,Kuwait,G8 395
Bengaluru,Leh,G8 399
Bengaluru,Leh,G8 399
Bengaluru,Leh,G8 399
Bengaluru,Leh,G8 399
Bengaluru,Leh,G8 399
Bengaluru,Leh,G8 399
Bengaluru,Leh,G8 118
Bengaluru,Leh,G8 118
Bengaluru,Leh,G8 118
Bengaluru,Leh,G8 118
Bengaluru,Leh,G8 118
Bengaluru,Leh,G8 118
Bengaluru,Leh,G8 118
Bengaluru,Leh,G8 118
Bengaluru,Leh,G8 118
Bengaluru,Leh,G8 116
Bengaluru,Leh,G8 116
Bengaluru,Lucknow,G8 399
Bengaluru,Lucknow,G8 399
Bengaluru,Lucknow,G8 399
Bengaluru,Lucknow,G8 399
Bengaluru,Lucknow,G8 399
Bengaluru,Lucknow,G8 395
Bengaluru,Lucknow,G8 399
Bengaluru,Lucknow,G8 808
Bengaluru,Mumbai,G8 399
Bengaluru,Mumbai,G8 542
Bengaluru,Mumbai,G8 399
Bengaluru,Mumbai,G8 399
Bengaluru,Mumbai,G8 399
Bengaluru,Mumbai,G8 399
Bengaluru,Mumbai,G8 808
Bengaluru,Mumbai,G8 399
Bengaluru,Mumbai,G8 395
Bengaluru,Mumbai,G8 542
Bengaluru,Nagpur,G8 399
Bengaluru,Nagpur,G8 399
Bengaluru,Nagpur,G8 399
Bengaluru,Nagpur,G8 399
Bengaluru,Nagpur,G8 399
Bengaluru,Nagpur,G8 399
Bengaluru,Nagpur,G8 399
Bengaluru,Nagpur,G8 399
Bengaluru,Nagpur,G8 399
Bengaluru,Nagpur,G8 399
Bengaluru,Nagpur,G8 241
Bengaluru,Nagpur,G8 116
Bengaluru,Nagpur,G8 241
Bengaluru,Nagpur,G8 395
Bengaluru,Patna,G8 399
Bengaluru,Patna,G8 399
Bengaluru,Patna,G8 399
Bengaluru,Patna,G8 399
Bengaluru,Patna,G8 399
Bengaluru,Patna,G8 399
Bengaluru,Patna,G8 873
Bengaluru,Patna,G8 118
Bengaluru,Patna,G8 116
Bengaluru,Phuket,G8 399
Bengaluru,Phuket,G8 399
Bengaluru,Phuket,G8 118
Bengaluru,Phuket,G8 399
Bengaluru,Phuket,G8 399
Bengaluru,Phuket,G8 118
Bengaluru,Phuket,G8 399
Bengaluru,Phuket,G8 399
Bengaluru,Phuket,G8 399
Bengaluru,Phuket,G8 118
Bengaluru,Phuket,G8 399
Bengaluru,Phuket,G8 41
Bengaluru,Phuket,G8 399
Bengaluru,Phuket,G8 118
Bengaluru,Port Blair,G8 802
Bengaluru,Port Blair,G8 802
Bengaluru,Port Blair,G8 802
Bengaluru,Pune,G8 241
Bengaluru,Ranchi,G8 116
Bengaluru,Ranchi,G8 395
Bengaluru,Ranchi,G8 395
Bengaluru,Ranchi,G8 116
Bengaluru,Ranchi,G8 395
Bengaluru,Ranchi,G8 395
Bengaluru,Ranchi,G8 116
Bengaluru,Ranchi,G8 116
Bengaluru,Ranchi,G8 395
Bengaluru,Ranchi,G8 395
Bengaluru,Ranchi,G8 116
Bengaluru,Ranchi,G8 116
Bengaluru,Ranchi,G8 395
Bengaluru,Ranchi,G8 116
Bengaluru,Ranchi,G8 374
Bengaluru,Srinagar,G8 118
Bengaluru,Srinagar,G8 116
Bengaluru,Srinagar,G8 116
Bengaluru,Srinagar,G8 116
Bengaluru,Srinagar,G8 399
Bengaluru,Srinagar,G8 395
Bengaluru,Srinagar,G8 118
Bengaluru,Srinagar,G8 116
Bengaluru,Srinagar,G8 118
Bengaluru,Srinagar,G8 116
Bengaluru,Srinagar,G8 118
Bengaluru,Srinagar,G8 116
Bengaluru,Srinagar,G8 116
Bengaluru,Srinagar,G8 399
Bengaluru,Srinagar,G8 116
Bengaluru,Srinagar,G8 116
Bengaluru,Srinagar,G8 395
Bengaluru,Srinagar,G8 118
Bengaluru,Srinagar,G8 118
Bengaluru,Srinagar,G8 399
Bengaluru,Srinagar,G8 116
Bengaluru,Srinagar,G8 116
Bengaluru,Srinagar,G8 118
Bengaluru,Srinagar,G8 116
Bengaluru,Srinagar,G8 118
Bengaluru,Srinagar,G8 118
Bengaluru,Varanasi,G8 407
Bengaluru,Varanasi,G8 407
Bengaluru,Varanasi,G8 407
Bengaluru,Varanasi,G8 407
Bengaluru,Varanasi,G8 407
Bengaluru,Varanasi,G8 395
Bengaluru,Varanasi,G8 407
Chandigarh,Abu Dhabi,G8 465
Chandigarh,Abu Dhabi,G8 465
Chandigarh,Abu Dhabi,G8 382
Chandigarh,Abu Dhabi,G8 465
Chandigarh,Abu Dhabi,G8 465
Chandigarh,Abu Dhabi,G8 465
Chandigarh,Abu Dhabi,G8 465
Chandigarh,Abu Dhabi,G8 382
Chandigarh,Abu Dhabi,G8 382
Chandigarh,Ahmedabad,G8 465
Chandigarh,Ahmedabad,G8 465
Chandigarh,Ahmedabad,G8 2507
Chandigarh,Ahmedabad,G8 465
Chandigarh,Ahmedabad,G8 2507
Chandigarh,Ahmedabad,G8 2507
Chandigarh,Ahmedabad,G8 382
Chandigarh,Ahmedabad,G8 1913
Chandigarh,Ahmedabad,G8 913
Chandigarh,Ahmedabad,G8 913
Chandigarh,Ahmedabad,G8 2507
Chandigarh,Bangkok,G8 2507
Chandigarh,Bangkok,G8 2507
Chandigarh,Bangkok,G8 2507
Chandigarh,Bengaluru,G8 465
Chandigarh,Bengaluru,G8 465
Chandigarh,Bengaluru,G8 382
Chandigarh,Bengaluru,G8 2507
Chandigarh,Bengaluru,G8 465
Chandigarh,Bengaluru,G8 465
Chandigarh,Bengaluru,G8 382
Chandigarh,Bengaluru,G8 382
Chandigarh,Bengaluru,G8 2507
Chandigarh,Bengaluru,G8 382
Chandigarh,Bengaluru,G8 913
Chandigarh,Bengaluru,G8 913
Chandigarh,Bengaluru,G8 2507
Chandigarh,Chennai,G8 2507
Chandigarh,Chennai,G8 382
Chandigarh,Chennai,G8 2507
Chandigarh,Chennai,G8 2507
Chandigarh,Chennai,G8 2507
Chandigarh,Chennai,G8 2507
Chandigarh,Chennai,G8 2507
Chandigarh,Chennai,G8 382
Chandigarh,Chennai,G8 2507
Chandigarh,Chennai,G8 382
Chandigarh,Delhi,G8 149
Chandigarh,Goa,G8 465
Chandigarh,Goa,G8 465
Chandigarh,Goa,G8 465
Chandigarh,Goa,G8 465
Chandigarh,Goa,G8 465
Chandigarh,Goa,G8 465
Chandigarh,Goa,G8 2507
Chandigarh,Goa,G8 2507
Chandigarh,Goa,G8 465
Chandigarh,Goa,G8 465
Chandigarh,Goa,G8 465
Chandigarh,Goa,G8 2507
Chandigarh,Goa,G8 2507
Chandigarh,Goa,G8 2507
Chandigarh,Goa,G8 382
Chandigarh,Goa,G8 382
Chandigarh,Goa,G8 382
Chandigarh,Goa,G8 913
Chandigarh,Goa,G8 913
Chandigarh,Goa,G8 2507
Chandigarh,Goa-New Goa,G8 951
Chandigarh,Jaipur,G8 465
Chandigarh,Jaipur,G8 465
Chandigarh,Jaipur,G8 465
Chandigarh,Jaipur,G8 382
Chandigarh,Jammu,G8 2507
Chandigarh,Jammu,G8 911
Chandigarh,Jammu,G8 911
Chandigarh,Jammu,G8 2507
Chandigarh,Jammu,G8 2507
Chandigarh,Jammu,G8 911
Chandigarh,Jammu,G8 2507
Chandigarh,Jammu,G8 911
Chandigarh,Kannur,G8 382
Chandigarh,Kannur,G8 465
Chandigarh,Kannur,G8 382
Chandigarh,Kannur,G8 465
Chandigarh,Kannur,G8 465
Chandigarh,Kannur,G8 465
Chandigarh,Kochi,G8 465
Chandigarh,Kochi,G8 465
Chandigarh,Kochi,G8 2507
Chandigarh,Kochi,G8 465
Chandigarh,Kochi,G8 2507
Chandigarh,Kochi,G8 2507
Chandigarh,Kochi,G8 382
Chandigarh,Kuwait,G8 382
Chandigarh,Kuwait,G8 465
Chandigarh,Kuwait,G8 465
Chandigarh,Kuwait,G8 465
Chandigarh,Kuwait,G8 382
Chandigarh,Leh,G8 6004
Chandigarh,Leh,G8 6004
Chandigarh,Lucknow,G8 465
Chandigarh,Lucknow,G8 465
Chandigarh,Lucknow,G8 2507
Chandigarh,Lucknow,G8 465
Chandigarh,Lucknow,G8 2507
Chandigarh,Lucknow,G8 2507
Chandigarh,Lucknow,G8 382
Chandigarh,Mumbai,G8 1913
Chandigarh,Mumbai,G8 465
Chandigarh,Mumbai,G8 911
Chandigarh,Mumbai,G8 1913
Chandigarh,Mumbai,G8 465
Chandigarh,Mumbai,G8 2507
Chandigarh,Mumbai,G8 1913
Chandigarh,Mumbai,G8 465
Chandigarh,Mumbai,G8 2507
Chandigarh,Mumbai,G8 911
Chandigarh,Mumbai,G8 382
Chandigarh,Mumbai,G8 913
Chandigarh,Mumbai,G8 913
Chandigarh,Mumbai,G8 913
Chandigarh,Mumbai,G8 2507
Chandigarh,Nagpur,G8 465
Chandigarh,Nagpur,G8 465
Chandigarh,Nagpur,G8 2507
Chandigarh,Nagpur,G8 2507
Chandigarh,Nagpur,G8 465
Chandigarh,Nagpur,G8 2507
Chandigarh,Nagpur,G8 2507
Chandigarh,Nagpur,G8 382
Chandigarh,Nagpur,G8 2507
Chandigarh,Nagpur,G8 2507
Chandigarh,Patna,G8 2507
Chandigarh,Patna,G8 2507
Chandigarh,Patna,G8 2507
Chandigarh,Phuket,G8 2507
Chandigarh,Phuket,G8 2507
Chandigarh,Phuket,G8 2507
Chandigarh,Phuket,G8 2507
Chandigarh,Phuket,G8 2507
Chandigarh,Phuket,G8 2507
Chandigarh,Ranchi,G8 382
Chandigarh,Ranchi,G8 382
Chandigarh,Ranchi,G8 382
Chandigarh,Ranchi,G8 382
Chandigarh,Srinagar,G8 149
Chandigarh,Srinagar,G8 911
Chandigarh,Varanasi,G8 913
Chennai,Abu Dhabi,G8 304
Chennai,Abu Dhabi,G8 304
Chennai,Abu Dhabi,G8 304
Chennai,Ahmedabad,G8 304
Chennai,Ahmedabad,G8 304
Chennai,Ahmedabad,G8 304
Chennai,Amritsar,G8 304
Chennai,Amritsar,G8 304
Chennai,Amritsar,G8 304
Chennai,Amritsar,G8 304
Chennai,Amritsar,G8 304
Chennai,Bangkok,G8 304
Chennai,Bangkok,G8 304
Chennai,Bangkok,G8 304
Chennai,Bangkok,G8 304
Chennai,Chandigarh,G8 304
Chennai,Chandigarh,G8 304
Chennai,Chandigarh,G8 304
Chennai,Delhi,G8 304
Chennai,Delhi,G8 304
Chennai,Delhi,G8 304
Chennai,Delhi,G8 304
Chennai,Delhi,G8 304
Chennai,Delhi,G8 304
Chennai,Delhi,G8 304
Chennai,Delhi,G8 304
Chennai,Delhi,G8 304
Chennai,Delhi,G8 304
Chennai,Delhi,G8 304
Chennai,Delhi,G8 304
Chennai,Delhi,G8 304
Chennai,Delhi,G8 304
Chennai,Goa,G8 304
Chennai,Goa,G8 304
Chennai,Goa,G8 304
Chennai,Goa,G8 304
Chennai,Goa,G8 304
Chennai,Goa,G8 304
Chennai,Jaipur,G8 304
Chennai,Jaipur,G8 304
Chennai,Jaipur,G8 304
Chennai,Jeddah,G8 304
Chennai,Jeddah,G8 304
Chennai,Kochi,G8 304
Chennai,Kuwait,G8 304
Chennai,Kuwait,G8 304
Chennai,Leh,G8 304
Chennai,Leh,G8 304
Chennai,Leh,G8 304
Chennai,Mumbai,G8 304
Chennai,Mumbai,G8 304
Chennai,Mumbai,G8 304
Chennai,Nagpur,G8 304
Chennai,Phuket,G8 304
Chennai,Phuket,G8 304
Chennai,Phuket,G8 304
Chennai,Phuket,G8 304
Chennai,Phuket,G8 304
Chennai,Phuket,G8 304
Chennai,Phuket,G8 304
Chennai,Port Blair,G8 305
Chennai,Port Blair,G8 305
Chennai,Port Blair,G8 305
Chennai,Port Blair,G8 305
Chennai,Port Blair,G8 305
Chennai,Port Blair,G8 6100
Chennai,Port Blair,G8 305
Chennai,Port Blair,G8 305
Chennai,Port Blair,G8 6100
Dammam,Kannur,G8 60
Dammam,Mumbai,G8 60
Dehra Dun,Abu Dhabi,G8 2316
Dehra Dun,Abu Dhabi,G8 2316
Dehra Dun,Abu Dhabi,G8 2316
Dehra Dun,Abu Dhabi,G8 2316
Dehra Dun,Abu Dhabi,G8 2316
Dehra Dun,Ahmedabad,G8 2316
Dehra Dun,Ahmedabad,G8 2316
Dehra Dun,Ahmedabad,G8 2316
Dehra Dun,Ahmedabad,G8 2316
Dehra Dun,Amritsar,G8 2316
Dehra Dun,Amritsar,G8 2316
Dehra Dun,Amritsar,G8 2316
Dehra Dun,Amritsar,G8 2316
Dehra Dun,Amritsar,G8 2316
Dehra Dun,Amritsar,G8 2316
Dehra Dun,Amritsar,G8 2316
Dehra Dun,Amritsar,G8 2316
Dehra Dun,Amritsar,G8 2316
Dehra Dun,Bengaluru,G8 2316
Dehra Dun,Bengaluru,G8 2316
Dehra Dun,Bengaluru,G8 2316
Dehra Dun,Bengaluru,G8 2316
Dehra Dun,Bengaluru,G8 2316
Dehra Dun,Bengaluru,G8 2316
Dehra Dun,Bengaluru,G8 2316
Dehra Dun,Bengaluru,G8 2316
Dehra Dun,Bengaluru,G8 2316
Dehra Dun,Bengaluru,G8 2316
Dehra Dun,Bengaluru,G8 2316
Dehra Dun,Bengaluru,G8 2316
Dehra Dun,Bengaluru,G8 2316
Dehra Dun,Bengaluru,G8 2316
Dehra Dun,Bengaluru,G8 2316
Dehra Dun,Bengaluru,G8 2316
Dehra Dun,Chennai,G8 2316
Dehra Dun,Chennai,G8 2316
Dehra Dun,Chennai,G8 2316
Dehra Dun,Chennai,G8 2316
Dehra Dun,Chennai,G8 2316
Dehra Dun,Chennai,G8 2316
Dehra Dun,Chennai,G8 2316
Dehra Dun,Chennai,G8 2316
Dehra Dun,Chennai,G8 2316
Dehra Dun,Chennai,G8 2316
Dehra Dun,Chennai,G8 2316
Dehra Dun,Chennai,G8 2316
Dehra Dun,Chennai,G8 2316
Dehra Dun,Goa,G8 2316
Dehra Dun,Goa,G8 2316
Dehra Dun,Goa,G8 2316
Dehra Dun,Goa,G8 2316
Dehra Dun,Goa,G8 2316
Dehra Dun,Goa,G8 2316
Dehra Dun,Goa,G8 2316
Dehra Dun,Goa,G8 2316
Dehra Dun,Goa,G8 2316
Dehra Dun,Goa,G8 2316
Dehra Dun,Goa,G8 2316
Dehra Dun,Goa,G8 2316
Dehra Dun,Goa,G8 2316
Dehra Dun,Goa,G8 2316
Dehra Dun,Jaipur,G8 2316
Dehra Dun,Jaipur,G8 2316
Dehra Dun,Jaipur,G8 2316
Dehra Dun,Jaipur,G8 2316
Dehra Dun,Jaipur,G8 2316
Dehra Dun,Jaipur,G8 2316
Dehra Dun,Jaipur,G8 2316
Dehra Dun,Mumbai,G8 2316
Dehra Dun,Mumbai,G8 2316
Dehra Dun,Mumbai,G8 2316
Dehra Dun,Mumbai,G8 2316
Dehra Dun,Mumbai,G8 2316
Dehra Dun,Mumbai,G8 2316
Dehra Dun,Mumbai,G8 2316
Dehra Dun,Nagpur,G8 2316
Dehra Dun,Nagpur,G8 2316
Dehra Dun,Nagpur,G8 2316
Dehra Dun,Nagpur,G8 2316
Dehra Dun,Nagpur,G8 2316
Dehra Dun,Nagpur,G8 2316
Dehra Dun,Nagpur,G8 2316
Dehra Dun,Nagpur,G8 2316
Delhi,Abu Dhabi,G8 334
Delhi,Abu Dhabi,G8 336
Delhi,Abu Dhabi,G8 334
Delhi,Abu Dhabi,G8 336
Delhi,Abu Dhabi,G8 334
Delhi,Abu Dhabi,G8 334
Delhi,Abu Dhabi,G8 336
Delhi,Abu Dhabi,G8 75
Delhi,Ahmedabad,G8 719
Delhi,Ahmedabad,G8 713
Delhi,Ahmedabad,G8 717
Delhi,Bagdogra,G8 3147
Delhi,Bagdogra,G8 157
Delhi,Bangkok,G8 37
Delhi,Bangkok,G8 354
Delhi,Bangkok,G8 354
Delhi,Bangkok,G8 37
Delhi,Bangkok,G8 323
Delhi,Bangkok,G8 336
Delhi,Bangkok,G8 37
Delhi,Bangkok,G8 323
Delhi,Bangkok,G8 336
Delhi,Bangkok,G8 354
Delhi,Bengaluru,G8 323
Delhi,Bengaluru,G8 336
Delhi,Bengaluru,G8 354
Delhi,Bengaluru,G8 323
Delhi,Bengaluru,G8 323
Delhi,Bengaluru,G8 336
Delhi,Bengaluru,G8 336
Delhi,Bengaluru,G8 336
Delhi,Bengaluru,G8 113
Delhi,Bengaluru,G8 173
Delhi,Bengaluru,G8 323
Delhi,Bengaluru,G8 354
Delhi,Bengaluru,G8 119
Delhi,Bengaluru,G8 2501
Delhi,Bengaluru,G8 2513
Delhi,Bengaluru,G8 286
Delhi,Bengaluru,G8 323
Delhi,Bengaluru,G8 717
Delhi,Chandigarh,G8 199
Delhi,Chandigarh,G8 199
Delhi,Chennai,G8 323
Delhi,Chennai,G8 354
Delhi,Chennai,G8 354
Delhi,Chennai,G8 323
Delhi,Chennai,G8 336
Delhi,Chennai,G8 323
Delhi,Chennai,G8 354
Delhi,Chennai,G8 323
Delhi,Chennai,G8 354
Delhi,Chennai,G8 323
Delhi,Chennai,G8 354
Delhi,Chennai,G8 354
Delhi,Chennai,G8 354
Delhi,Chennai,G8 323
Delhi,Chennai,G8 323
Delhi,Chennai,G8 336
Delhi,Chennai,G8 323
Delhi,Chennai,G8 354
Delhi,Chennai,G8 336
Delhi,Chennai,G8 323
Delhi,Goa,G8 354
Delhi,Goa,G8 354
Delhi,Goa,G8 354
Delhi,Goa,G8 719
Delhi,Goa,G8 719
Delhi,Goa,G8 2501
Delhi,Goa,G8 2501
Delhi,Goa,G8 334
Delhi,Goa,G8 334
Delhi,Goa,G8 334
Delhi,Goa,G8 334
Delhi,Goa,G8 336
Delhi,Goa,G8 113
Delhi,Goa,G8 2501
Delhi,Goa,G8 334
Delhi,Goa,G8 323
Delhi,Goa,G8 354
Delhi,Goa,G8 713
Delhi,Goa,G8 717
Delhi,Goa,G8 2501
Delhi,Goa,G8 286
Delhi,Goa,G8 323
Delhi,Goa,G8 334
Delhi,Goa,G8 334
Delhi,Goa-New Goa,G8 119
Delhi,Guwahati,G8 151
Delhi,Hyderabad,G8 422
Delhi,Jaipur,G8 119
Delhi,Jaipur,G8 119
Delhi,Jaipur,G8 119
Delhi,Jammu,G8 213
Delhi,Jammu,G8 213
Delhi,Jammu,G8 213
Delhi,Jammu,G8 213
Delhi,Jammu,G8 697
Delhi,Kannur,G8 2501
Delhi,Kannur,G8 334
Delhi,Kannur,G8 334
Delhi,Kannur,G8 2501
Delhi,Kannur,G8 334
Delhi,Kannur,G8 2501
Delhi,Kannur,G8 334
Delhi,Kannur,G8 2501
Delhi,Kannur,G8 334
Delhi,Kannur,G8 2501
Delhi,Kannur,G8 334
Delhi,Kannur,G8 334
Delhi,Kannur,G8 2501
Delhi,Kannur,G8 334
Delhi,Kochi,G8 113
Delhi,Kochi,G8 113
Delhi,Kochi,G8 113
Delhi,Kochi,G8 354
Delhi,Kochi,G8 113
Delhi,Kochi,G8 323
Delhi,Kochi,G8 354
Delhi,Kochi,G8 2501
Delhi,Kochi,G8 334
Delhi,Kochi,G8 334
Delhi,Kochi,G8 336
Delhi,Kochi,G8 113
Delhi,Kolkata,G8 101
Delhi,Kolkata,G8 101
Delhi,Kuwait,G8 334
Delhi,Kuwait,G8 336
Delhi,Kuwait,G8 336
Delhi,Kuwait,G8 334
Delhi,Leh,G8 205
Delhi,Leh,G8 6001
Delhi,Leh,G8 6001
Delhi,Leh,G8 203
Delhi,Leh,G8 221
Delhi,Leh,G8 221
Delhi,Leh,G8 225
Delhi,Leh,G8 357
Delhi,Leh,G8 6001
Delhi,Mumbai,G8 237
Delhi,Mumbai,G8 237
Delhi,Mumbai,G8 717
Delhi,Mumbai,G8 190
Delhi,Mumbai,G8 191
Delhi,Mumbai,G8 213
Delhi,Mumbai,G8 6201
Delhi,Mumbai,G8 6201
Delhi,Mumbai,G8 190
Delhi,Mumbai,G8 191
Delhi,Mumbai,G8 213
Delhi,Mumbai,G8 6201
Delhi,Mumbai,G8 213
Delhi,Mumbai,G8 237
Delhi,Mumbai,G8 213
Delhi,Mumbai,G8 237
Delhi,Mumbai,G8 717
Delhi,Mumbai,G8 354
Delhi,Mumbai,G8 354
Delhi,Mumbai,G8 237
Delhi,Mumbai,G8 237
Delhi,Mumbai,G8 717
Delhi,Mumbai,G8 190
Delhi,Mumbai,G8 191
Delhi,Mumbai,G8 213
Delhi,Mumbai,G8 6201
Delhi,Mumbai,G8 6201
Delhi,Mumbai,G8 190
Delhi,Mumbai,G8 191
Delhi,Mumbai,G8 213
Delhi,Mumbai,G8 6201
Delhi,Mumbai,G8 719
Delhi,Mumbai,G8 719
Delhi,Mumbai,G8 719
Delhi,Mumbai,G8 190
Delhi,Mumbai,G8 237
Delhi,Mumbai,G8 2511
Delhi,Mumbai,G8 286
Delhi,Mumbai,G8 336
Delhi,Mumbai,G8 119
Delhi,Mumbai,G8 286
Delhi,Mumbai,G8 713
Delhi,Mumbai,G8 2501
Delhi,Mumbai,G8 286
Delhi,Mumbai,G8 323
Delhi,Mumbai,G8 334
Delhi,Mumbai,G8 334
Delhi,Mumbai,G8 354
Delhi,Nagpur,G8 2519
Delhi,Patna,G8 2511
Delhi,Phuket,G8 323
Delhi,Phuket,G8 336
Delhi,Phuket,G8 354
Delhi,Phuket,G8 73
Delhi,Phuket,G8 323
Delhi,Phuket,G8 336
Delhi,Phuket,G8 354
Delhi,Phuket,G8 354
Delhi,Phuket,G8 73
Delhi,Phuket,G8 323
Delhi,Phuket,G8 336
Delhi,Phuket,G8 323
Delhi,Phuket,G8 336
Delhi,Phuket,G8 73
Delhi,Phuket,G8 336
Delhi,Phuket,G8 119
Delhi,Phuket,G8 323
Delhi,Phuket,G8 354
Delhi,Port Blair,G8 101
Delhi,Port Blair,G8 119
Delhi,Port Blair,G8 113
Delhi,Port Blair,G8 6102
Delhi,Port Blair,G8 119
Delhi,Port Blair,G8 101
Delhi,Port Blair,G8 113
Delhi,Port Blair,G8 101
Delhi,Port Blair,G8 6102
Delhi,Port Blair,G8 113
Delhi,Port Blair,G8 119
Delhi,Port Blair,G8 101
Delhi,Port Blair,G8 6102
Delhi,Pune,G8 171
Delhi,Pune,G8 171
Delhi,Pune,G8 171
Delhi,Pune,G8 173
Delhi,Pune,G8 2513
Delhi,Pune,G8 275
Delhi,Ranchi,G8 167
Delhi,Ranchi,G8 167
Delhi,Ranchi,G8 167
Delhi,Ranchi,G8 167
Delhi,Ranchi,G8 167
Delhi,Ranchi,G8 167
Delhi,Ranchi,G8 237
Delhi,Srinagar,G8 199
Delhi,Srinagar,G8 199
Delhi,Srinagar,G8 213
Delhi,Srinagar,G8 213
Delhi,Srinagar,G8 213
Delhi,Srinagar,G8 199
Delhi,Srinagar,G8 213
Delhi,Srinagar,G8 187
Delhi,Srinagar,G8 191
Delhi,Srinagar,G8 6201
Delhi,Srinagar,G8 6201
Delhi,Srinagar,G8 213
Delhi,Srinagar,G8 190
Delhi,Srinagar,G8 357
Delhi,Thoise,G8 6301
Dubai,Kannur,G8 58
Goa,Abu Dhabi,G8 315
Goa,Abu Dhabi,G8 332
Goa,Abu Dhabi,G8 315
Goa,Abu Dhabi,G8 332
Goa,Abu Dhabi,G8 332
Goa,Abu Dhabi,G8 381
Goa,Abu Dhabi,G8 381
Goa,Ahmedabad,G8 286
Goa,Ahmedabad,G8 286
Goa,Ahmedabad,G8 332
Goa,Ahmedabad,G8 380
Goa,Ahmedabad,G8 381
Goa,Ahmedabad,G8 381
Goa,Ahmedabad,G8 381
Goa,Ahmedabad,G8 372
Goa,Ahmedabad,G8 380
Goa,Ahmedabad,G8 914
Goa,Amritsar,G8 380
Goa,Amritsar,G8 315
Goa,Amritsar,G8 372
Goa,Amritsar,G8 380
Goa,Amritsar,G8 380
Goa,Amritsar,G8 315
Goa,Amritsar,G8 372
Goa,Amritsar,G8 380
Goa,Amritsar,G8 315
Goa,Amritsar,G8 372
Goa,Amritsar,G8 380
Goa,Amritsar,G8 380
Goa,Amritsar,G8 315
Goa,Amritsar,G8 332
Goa,Amritsar,G8 381
Goa,Amritsar,G8 372
Goa,Amritsar,G8 381
Goa,Bagdogra,G8 285
Goa,Bangkok,G8 285
Goa,Bangkok,G8 285
Goa,Bangkok,G8 285
Goa,Bangkok,G8 315
Goa,Bangkok,G8 372
Goa,Bangkok,G8 315
Goa,Bangkok,G8 372
Goa,Bangkok,G8 380
Goa,Bengaluru,G8 286
Goa,Chandigarh,G8 381
Goa,Chandigarh,G8 381
Goa,Chandigarh,G8 332
Goa,Chandigarh,G8 381
Goa,Chandigarh,G8 381
Goa,Chandigarh,G8 332
Goa,Chandigarh,G8 381
Goa,Chandigarh,G8 332
Goa,Chandigarh,G8 380
Goa,Chandigarh,G8 381
Goa,Chandigarh,G8 381
Goa,Chandigarh,G8 914
Goa,Chandigarh,G8 914
Goa,Chandigarh,G8 381
Goa,Chennai,G8 380
Goa,Chennai,G8 315
Goa,Chennai,G8 372
Goa,Chennai,G8 315
Goa,Chennai,G8 332
Goa,Chennai,G8 372
Goa,Chennai,G8 380
Goa,Chennai,G8 315
Goa,Chennai,G8 372
Goa,Chennai,G8 380
Goa,Chennai,G8 315
Goa,Chennai,G8 372
Goa,Chennai,G8 315
Goa,Chennai,G8 372
Goa,Chennai,G8 380
Goa,Chennai,G8 380
Goa,Chennai,G8 315
Goa,Chennai,G8 315
Goa,Chennai,G8 332
Goa,Chennai,G8 372
Goa,Chennai,G8 372
Goa,Chennai,G8 315
Goa,Chennai,G8 372
Goa,Chennai,G8 380
Goa,Chennai,G8 315
Goa,Chennai,G8 332
Goa,Chennai,G8 372
Goa,Dehra Dun,G8 381
Goa,Dehra Dun,G8 381
Goa,Dehra Dun,G8 381
Goa,Delhi,G8 914
Goa,Delhi,G8 914
Goa,Delhi,G8 315
Goa,Delhi,G8 332
Goa,Delhi,G8 381
Goa,Delhi,G8 315
Goa,Delhi,G8 332
Goa,Delhi,G8 381
Goa,Delhi,G8 381
Goa,Delhi,G8 315
Goa,Delhi,G8 332
Goa,Delhi,G8 381
Goa,Delhi,G8 315
Goa,Delhi,G8 315
Goa,Delhi,G8 315
Goa,Delhi,G8 315
Goa,Delhi,G8 332
Goa,Delhi,G8 332
Goa,Delhi,G8 332
Goa,Delhi,G8 381
Goa,Delhi,G8 914
Goa,Delhi,G8 381
Goa,Delhi,G8 372
Goa,Delhi,G8 372
Goa,Delhi,G8 285
Goa,Delhi,G8 286
Goa,Delhi,G8 372
Goa,Delhi,G8 372
Goa,Delhi,G8 380
Goa,Delhi,G8 380
Goa,Jaipur,G8 315
Goa,Jaipur,G8 332
Goa,Jammu,G8 380
Goa,Jammu,G8 381
Goa,Jammu,G8 380
Goa,Jammu,G8 381
Goa,Jeddah,G8 332
Goa,Jeddah,G8 381
Goa,Jeddah,G8 332
Goa,Jeddah,G8 381
Goa,Kannur,G8 332
Goa,Kannur,G8 381
Goa,Kannur,G8 381
Goa,Kannur,G8 332
Goa,Kannur,G8 381
Goa,Kannur,G8 381
Goa,Kannur,G8 381
Goa,Kannur,G8 332
Goa,Kannur,G8 381
Goa,Kochi,G8 286
Goa,Kochi,G8 286
Goa,Kochi,G8 286
Goa,Kochi,G8 286
Goa,Kochi,G8 372
Goa,Kochi,G8 332
Goa,Kochi,G8 380
Goa,Kochi,G8 381
Goa,Kochi,G8 286
Goa,Kolkata,G8 285
Goa,Kolkata,G8 285
Goa,Kuwait,G8 332
Goa,Kuwait,G8 381
Goa,Kuwait,G8 332
Goa,Kuwait,G8 381
Goa,Leh,G8 315
Goa,Leh,G8 372
Goa,Leh,G8 380
Goa,Leh,G8 285
Goa,Leh,G8 285
Goa,Leh,G8 285
Goa,Leh,G8 285
Goa,Leh,G8 285
Goa,Lucknow,G8 332
Goa,Lucknow,G8 381
Goa,Lucknow,G8 381
Goa,Lucknow,G8 380
Goa,Lucknow,G8 381
Goa,Mumbai,G8 315
Goa,Mumbai,G8 332
Goa,Mumbai,G8 381
Goa,Mumbai,G8 381
Goa,Mumbai,G8 372
Goa,Mumbai,G8 380
Goa,Nagpur,G8 315
Goa,Nagpur,G8 332
Goa,Nagpur,G8 381
Goa,Nagpur,G8 381
Goa,Nagpur,G8 372
Goa,Nagpur,G8 372
Goa,Nagpur,G8 380
Goa,Nagpur,G8 380
Goa,Patna,G8 380
Goa,Patna,G8 381
Goa,Phuket,G8 380
Goa,Phuket,G8 285
Goa,Phuket,G8 315
Goa,Phuket,G8 372
Goa,Phuket,G8 380
Goa,Phuket,G8 315
Goa,Phuket,G8 372
Goa,Phuket,G8 380
Goa,Phuket,G8 285
Goa,Phuket,G8 315
Goa,Phuket,G8 372
Goa,Phuket,G8 380
Goa,Phuket,G8 285
Goa,Phuket,G8 315
Goa,Phuket,G8 372
Goa,Phuket,G8 380
Goa,Phuket,G8 315
Goa,Phuket,G8 285
Goa,Phuket,G8 372
Goa,Pune,G8 286
Goa,Ranchi,G8 332
Goa,Ranchi,G8 381
Goa,Ranchi,G8 381
Goa,Ranchi,G8 332
Goa,Ranchi,G8 381
Goa,Ranchi,G8 381
Goa,Ranchi,G8 332
Goa,Ranchi,G8 381
Goa,Ranchi,G8 381
Goa,Ranchi,G8 332
Goa,Ranchi,G8 381
Goa,Srinagar,G8 380
Goa,Srinagar,G8 381
Goa,Srinagar,G8 380
Goa,Srinagar,G8 381
Goa,Srinagar,G8 285
Goa,Varanasi,G8 286
Goa,Varanasi,G8 286
Goa,Varanasi,G8 380
Goa,Varanasi,G8 381
Goa-New Goa,Ahmedabad,G8 2125
Goa-New Goa,Ahmedabad,G8 2125
Goa-New Goa,Bengaluru,G8 2125
Goa-New Goa,Bengaluru,G8 2125
Goa-New Goa,Chandigarh,G8 956
Goa-New Goa,Delhi,G8 2125
Goa-New Goa,Delhi,G8 2125
Goa-New Goa,Delhi,G8 2125
Goa-New Goa,Hyderabad,G8 2123
Goa-New Goa,Jaipur,G8 952
Goa-New Goa,Kochi,G8 2125
Goa-New Goa,Kochi,G8 2125
Goa-New Goa,Nagpur,G8 953
Goa-New Goa,Patna,G8 2125
Goa-New Goa,Pune,G8 2125
Goa-New Goa,Pune,G8 2125
Goa-New Goa,Varanasi,G8 2125
Guwahati,Abu Dhabi,G8 3149
Guwahati,Ahmedabad,G8 152
Guwahati,Ahmedabad,G8 152
Guwahati,Ahmedabad,G8 3149
Guwahati,Ahmedabad,G8 3149
Guwahati,Bangkok,G8 152
Guwahati,Bangkok,G8 152
Guwahati,Bangkok,G8 152
Guwahati,Bengaluru,G8 152
Guwahati,Bengaluru,G8 152
Guwahati,Bengaluru,G8 3149
Guwahati,Delhi,G8 152
Guwahati,Delhi,G8 3149
Guwahati,Hyderabad,G8 152
Guwahati,Hyderabad,G8 3149
Guwahati,Leh,G8 152
Guwahati,Leh,G8 152
Guwahati,Leh,G8 152
Guwahati,Mumbai,G8 152
Guwahati,Mumbai,G8 3149
Guwahati,Mumbai,G8 3149
Guwahati,Mumbai,G8 152
Guwahati,Mumbai,G8 152
Guwahati,Mumbai,G8 3149
Guwahati,Mumbai,G8 3149
Guwahati,Nagpur,G8 3149
Guwahati,Phuket,G8 152
Guwahati,Phuket,G8 152
Guwahati,Phuket,G8 152
Guwahati,Phuket,G8 152
Guwahati,Pune,G8 3149
Guwahati,Pune,G8 3149
Guwahati,Pune,G8 3149
Guwahati,Pune,G8 152
Guwahati,Pune,G8 3149
Guwahati,Pune,G8 3149
Guwahati,Ranchi,G8 3149
Guwahati,Ranchi,G8 3149
Guwahati,Ranchi,G8 3149
Guwahati,Ranchi,G8 3149
Guwahati,Ranchi,G8 3149
Guwahati,Ranchi,G8 3149
Guwahati,Srinagar,G8 3149
Guwahati,Srinagar,G8 3149
Guwahati,Srinagar,G8 3149
Guwahati,Srinagar,G8 3149
Guwahati,Srinagar,G8 152
Hyderabad,Abu Dhabi,G8 424
Hyderabad,Bagdogra,G8 424
Hyderabad,Delhi,G8 424
Hyderabad,Goa,G8 424
Hyderabad,Goa-New Goa,G8 2124
Hyderabad,Goa-New Goa,G8 2124
Hyderabad,Guwahati,G8 424
Hyderabad,Jammu,G8 424
Hyderabad,Leh,G8 424
Hyderabad,Leh,G8 424
Hyderabad,Leh,G8 424
Hyderabad,Leh,G8 424
Hyderabad,Nagpur,G8 424
Hyderabad,Patna,G8 424
Hyderabad,Pune,G8 424
Hyderabad,Pune,G8 424
Hyderabad,Pune,G8 424
Hyderabad,Pune,G8 424
Hyderabad,Pune,G8 424
Hyderabad,Ranchi,G8 424
Hyderabad,Ranchi,G8 424
Hyderabad,Ranchi,G8 424
Hyderabad,Ranchi,G8 424
Hyderabad,Srinagar,G8 424
Hyderabad,Srinagar,G8 424
Hyderabad,Srinagar,G8 424
Hyderabad,Srinagar,G8 424
Hyderabad,Srinagar,G8 424
Hyderabad,Srinagar,G8 424
Hyderabad,Srinagar,G8 424
Hyderabad,Srinagar,G8 424
Hyderabad,Srinagar,G8 424
Hyderabad,Srinagar,G8 424
Hyderabad,Srinagar,G8 424
Jaipur,Amritsar,G8 2608
Jaipur,Amritsar,G8 2608
Jaipur,Amritsar,G8 2608
Jaipur,Amritsar,G8 2608
Jaipur,Amritsar,G8 2608
Jaipur,Amritsar,G8 2608
Jaipur,Bangkok,G8 2608
Jaipur,Bangkok,G8 2608
Jaipur,Bengaluru,G8 3122
Jaipur,Bengaluru,G8 3122
Jaipur,Bengaluru,G8 3122
Jaipur,Bengaluru,G8 2608
Jaipur,Chandigarh,G8 2608
Jaipur,Chennai,G8 2608
Jaipur,Chennai,G8 2608
Jaipur,Chennai,G8 2608
Jaipur,Chennai,G8 2608
Jaipur,Chennai,G8 2608
Jaipur,Chennai,G8 2608
Jaipur,Delhi,G8 3122
Jaipur,Delhi,G8 3122
Jaipur,Delhi,G8 3122
Jaipur,Goa,G8 3122
Jaipur,Goa,G8 3122
Jaipur,Goa,G8 2608
Jaipur,Goa,G8 3122
Jaipur,Goa,G8 2608
Jaipur,Goa-New Goa,G8 953
Jaipur,Kochi,G8 3122
Jaipur,Kochi,G8 3122
Jaipur,Kochi,G8 3122
Jaipur,Kochi,G8 3122
Jaipur,Kochi,G8 2608
Jaipur,Kochi,G8 3122
Jaipur,Lucknow,G8 3122
Jaipur,Lucknow,G8 3122
Jaipur,Lucknow,G8 2608
Jaipur,Lucknow,G8 3122
Jaipur,Mumbai,G8 2608
Jaipur,Nagpur,G8 2608
Jaipur,Nagpur,G8 2608
Jaipur,Nagpur,G8 953
Jaipur,Patna,G8 2608
Jaipur,Phuket,G8 2608
Jaipur,Phuket,G8 2608
Jaipur,Phuket,G8 2608
Jaipur,Phuket,G8 2608
Jaipur,Phuket,G8 2608
Jaipur,Pune,G8 3122
Jaipur,Pune,G8 3122
Jaipur,Pune,G8 3122
Jaipur,Srinagar,G8 2608
Jaipur,Srinagar,G8 2608
Jaipur,Srinagar,G8 2608
Jaipur,Varanasi,G8 3122
Jaipur,Varanasi,G8 3122
Jaipur,Varanasi,G8 3122
Jaipur,Varanasi,G8 3122
Jaipur,Varanasi,G8 3122
Jaipur,Varanasi,G8 2608
Jaipur,Varanasi,G8 3122
Jammu,Abu Dhabi,G8 196
Jammu,Abu Dhabi,G8 204
Jammu,Ahmedabad,G8 197
Jammu,Ahmedabad,G8 197
Jammu,Ahmedabad,G8 196
Jammu,Ahmedabad,G8 204
Jammu,Ahmedabad,G8 204
Jammu,Bagdogra,G8 204
Jammu,Bengaluru,G8 197
Jammu,Bengaluru,G8 197
Jammu,Bengaluru,G8 196
Jammu,Bengaluru,G8 204
Jammu,Chandigarh,G8 287
Jammu,Chandigarh,G8 287
Jammu,Delhi,G8 197
Jammu,Delhi,G8 197
Jammu,Delhi,G8 197
Jammu,Delhi,G8 197
Jammu,Delhi,G8 197
Jammu,Delhi,G8 197
Jammu,Delhi,G8 197
Jammu,Delhi,G8 196
Jammu,Delhi,G8 204
Jammu,Guwahati,G8 204
Jammu,Hyderabad,G8 197
Jammu,Hyderabad,G8 197
Jammu,Hyderabad,G8 196
Jammu,Hyderabad,G8 204
Jammu,Leh,G8 197
Jammu,Leh,G8 197
Jammu,Mumbai,G8 197
Jammu,Mumbai,G8 197
Jammu,Mumbai,G8 197
Jammu,Mumbai,G8 287
Jammu,Mumbai,G8 196
Jammu,Mumbai,G8 197
Jammu,Mumbai,G8 204
Jammu,Mumbai,G8 197
Jammu,Mumbai,G8 197
Jammu,Mumbai,G8 287
Jammu,Mumbai,G8 204
Jammu,Mumbai,G8 196
Jammu,Mumbai,G8 196
Jammu,Mumbai,G8 196
Jammu,Mumbai,G8 204
Jammu,Mumbai,G8 204
Jammu,Nagpur,G8 196
Jammu,Nagpur,G8 204
Jammu,Pune,G8 197
Jammu,Pune,G8 197
Jammu,Pune,G8 196
Jammu,Pune,G8 204
Jammu,Pune,G8 204
Jammu,Pune,G8 197
Jammu,Pune,G8 197
Jammu,Pune,G8 196
Jammu,Pune,G8 204
Jammu,Pune,G8 196
Jammu,Pune,G8 204
Jammu,Pune,G8 204
Jammu,Ranchi,G8 196
Jammu,Ranchi,G8 204
Jammu,Ranchi,G8 196
Jammu,Ranchi,G8 197
Jammu,Ranchi,G8 204
Jammu,Ranchi,G8 196
Jammu,Ranchi,G8 204
Jammu,Ranchi,G8 196
Jammu,Ranchi,G8 204
Jammu,Ranchi,G8 196
Jammu,Ranchi,G8 197
Jammu,Ranchi,G8 204
Jammu,Ranchi,G8 196
Jammu,Ranchi,G8 204
Jammu,Ranchi,G8 204
Jammu,Srinagar,G8 197
Jammu,Srinagar,G8 287
Jammu,Srinagar,G8 197
Jammu,Srinagar,G8 197
Jammu,Srinagar,G8 197
Jammu,Srinagar,G8 287
Jammu,Srinagar,G8 197
Jeddah,Ahmedabad,G8 78
Jeddah,Ahmedabad,G8 78
Jeddah,Ahmedabad,G8 78
Jeddah,Ahmedabad,G8 78
Jeddah,Goa,G8 78
Jeddah,Goa,G8 78
Jeddah,Goa,G8 78
Jeddah,Goa,G8 78
Jeddah,Goa,G8 78
Jeddah,Goa,G8 78
Jeddah,Kochi,G8 78
Jeddah,Kochi,G8 78
Jeddah,Lucknow,G8 78
Jeddah,Lucknow,G8 78
Jeddah,Lucknow,G8 78
Jeddah,Lucknow,G8 78
Jeddah,Mumbai,G8 78
Jeddah,Mumbai,G8 78
Kannur,Abu Dhabi,G8 53
Kannur,Ahmedabad,G8 368
Kannur,Amritsar,G8 368
Kannur,Amritsar,G8 368
Kannur,Amritsar,G8 368
Kannur,Chandigarh,G8 368
Kannur,Chandigarh,G8 368
Kannur,Chandigarh,G8 368
Kannur,Chandigarh,G8 368
Kannur,Dammam,G8 59
Kannur,Dehra Dun,G8 368
Kannur,Dehra Dun,G8 368
Kannur,Dehra Dun,G8 368
Kannur,Delhi,G8 368
Kannur,Dubai,G8 57
Kannur,Goa,G8 368
Kannur,Goa,G8 368
Kannur,Goa,G8 368
Kannur,Goa,G8 368
Kannur,Jammu,G8 368
Kannur,Jammu,G8 368
Kannur,Kochi,G8 368
Kannur,Kuwait,G8 61
Kannur,Lucknow,G8 368
Kannur,Lucknow,G8 368
Kannur,Mumbai,G8 368
Kannur,Muscat,G8 55
Kannur,Patna,G8 368
Kannur,Ranchi,G8 368
Kannur,Ranchi,G8 368
Kannur,Ranchi,G8 368
Kannur,Ranchi,G8 368
Kannur,Ranchi,G8 368
Kannur,Ranchi,G8 368
Kannur,Ranchi,G8 368
Kannur,Srinagar,G8 368
Kannur,Srinagar,G8 368
Kannur,Varanasi,G8 368
Kochi,Abu Dhabi,G8 348
Kochi,Abu Dhabi,G8 348
Kochi,Abu Dhabi,G8 348
Kochi,Abu Dhabi,G8 63
Kochi,Abu Dhabi,G8 63
Kochi,Ahmedabad,G8 543
Kochi,Ahmedabad,G8 543
Kochi,Ahmedabad,G8 543
Kochi,Ahmedabad,G8 348
Kochi,Ahmedabad,G8 345
Kochi,Amritsar,G8 345
Kochi,Amritsar,G8 345
Kochi,Amritsar,G8 345
Kochi,Amritsar,G8 345
Kochi,Amritsar,G8 345
Kochi,Amritsar,G8 348
Kochi,Amritsar,G8 345
Kochi,Bangkok,G8 345
Kochi,Bangkok,G8 345
Kochi,Bengaluru,G8 543
Kochi,Bengaluru,G8 543
Kochi,Chandigarh,G8 348
Kochi,Chandigarh,G8 348
Kochi,Chandigarh,G8 348
Kochi,Chandigarh,G8 348
Kochi,Chandigarh,G8 348
Kochi,Chandigarh,G8 345
Kochi,Chandigarh,G8 348
Kochi,Chennai,G8 345
Kochi,Chennai,G8 345
Kochi,Chennai,G8 345
Kochi,Chennai,G8 345
Kochi,Chennai,G8 345
Kochi,Chennai,G8 345
Kochi,Chennai,G8 345
Kochi,Chennai,G8 345
Kochi,Chennai,G8 348
Kochi,Chennai,G8 345
Kochi,Dehra Dun,G8 348
Kochi,Dehra Dun,G8 348
Kochi,Dehra Dun,G8 348
Kochi,Delhi,G8 348
Kochi,Delhi,G8 348
Kochi,Delhi,G8 348
Kochi,Delhi,G8 348
Kochi,Delhi,G8 348
Kochi,Delhi,G8 348
Kochi,Delhi,G8 345
Kochi,Delhi,G8 345
Kochi,Delhi,G8 345
Kochi,Goa,G8 348
Kochi,Goa,G8 348
Kochi,Goa,G8 348
Kochi,Goa,G8 543
Kochi,Goa,G8 345
Kochi,Jaipur,G8 348
Kochi,Jeddah,G8 348
Kochi,Jeddah,G8 348
Kochi,Kannur,G8 348
Kochi,Kannur,G8 348
Kochi,Kannur,G8 348
Kochi,Kannur,G8 348
Kochi,Kannur,G8 348
Kochi,Kannur,G8 348
Kochi,Kuwait,G8 348
Kochi,Kuwait,G8 348
Kochi,Leh,G8 345
Kochi,Lucknow,G8 348
Kochi,Lucknow,G8 543
Kochi,Lucknow,G8 543
Kochi,Mumbai,G8 348
Kochi,Mumbai,G8 345
Kochi,Muscat,G8 65
Kochi,Muscat,G8 65
Kochi,Nagpur,G8 348
Kochi,Nagpur,G8 345
Kochi,Nagpur,G8 345
Kochi,Phuket,G8 345
Kochi,Phuket,G8 345
Kochi,Phuket,G8 345
Kochi,Phuket,G8 345
Kochi,Phuket,G8 345
Kochi,Port Blair,G8 543
Kochi,Port Blair,G8 543
Kochi,Port Blair,G8 543
Kochi,Port Blair,G8 543
Kochi,Pune,G8 543
Kochi,Ranchi,G8 348
Kochi,Ranchi,G8 348
Kochi,Ranchi,G8 348
Kochi,Ranchi,G8 348
Kochi,Ranchi,G8 348
Kochi,Ranchi,G8 348
Kochi,Ranchi,G8 348
Kochi,Ranchi,G8 543
Kochi,Ranchi,G8 543
Kochi,Varanasi,G8 543
Kochi,Varanasi,G8 543
Kochi,Varanasi,G8 543
Kochi,Varanasi,G8 543
Kochi,Varanasi,G8 543
Kochi,Varanasi,G8 543
Kolkata,Ahmedabad,G8 102
Kolkata,Ahmedabad,G8 102
Kolkata,Ahmedabad,G8 102
Kolkata,Ahmedabad,G8 102
Kolkata,Bengaluru,G8 102
Kolkata,Bengaluru,G8 102
Kolkata,Bengaluru,G8 102
Kolkata,Bengaluru,G8 102
Kolkata,Delhi,G8 102
Kolkata,Delhi,G8 102
Kolkata,Delhi,G8 102
Kolkata,Delhi,G8 102
Kolkata,Hyderabad,G8 102
Kolkata,Hyderabad,G8 102
Kolkata,Hyderabad,G8 102
Kolkata,Hyderabad,G8 102
Kolkata,Leh,G8 102
Kolkata,Leh,G8 102
Kolkata,Leh,G8 102
Kolkata,Leh,G8 102
Kolkata,Mumbai,G8 102
Kolkata,Mumbai,G8 102
Kolkata,Mumbai,G8 102
Kolkata,Mumbai,G8 102
Kolkata,Mumbai,G8 102
Kolkata,Mumbai,G8 102
Kolkata,Mumbai,G8 102
Kolkata,Mumbai,G8 102
Kolkata,Mumbai,G8 102
Kolkata,Mumbai,G8 102
Kolkata,Mumbai,G8 102
Kolkata,Mumbai,G8 102
Kolkata,Phuket,G8 102
Kolkata,Port Blair,G8 101
Kolkata,Port Blair,G8 101
Kolkata,Port Blair,G8 101
Kolkata,Port Blair,G8 101
Kolkata,Pune,G8 102
Kolkata,Pune,G8 102
Kolkata,Pune,G8 102
Kolkata,Pune,G8 102
Kolkata,Pune,G8 102
Kolkata,Pune,G8 102
Kolkata,Pune,G8 102
Kolkata,Pune,G8 102
Kolkata,Pune,G8 102
Kolkata,Pune,G8 102
Kolkata,Pune,G8 102
Kolkata,Ranchi,G8 102
Kolkata,Ranchi,G8 102
Kolkata,Ranchi,G8 102
Kolkata,Ranchi,G8 102
Kolkata,Ranchi,G8 102
Kolkata,Ranchi,G8 102
Kuwait,Ahmedabad,G8 80
Kuwait,Ahmedabad,G8 80
Kuwait,Ahmedabad,G8 80
Kuwait,Ahmedabad,G8 80
Kuwait,Amritsar,G8 80
Kuwait,Amritsar,G8 80
Kuwait,Chandigarh,G8 80
Kuwait,Chandigarh,G8 80
Kuwait,Chandigarh,G8 80
Kuwait,Chandigarh,G8 80
Kuwait,Chandigarh,G8 80
Kuwait,Chandigarh,G8 80
Kuwait,Chandigarh,G8 80
Kuwait,Delhi,G8 80
Kuwait,Delhi,G8 80
Kuwait,Delhi,G8 80
Kuwait,Delhi,G8 80
Kuwait,Delhi,G8 80
Kuwait,Delhi,G8 80
Kuwait,Goa,G8 80
Kuwait,Goa,G8 80
Kuwait,Goa,G8 80
Kuwait,Goa,G8 80
Kuwait,Goa,G8 80
Kuwait,Goa,G8 80
Kuwait,Jammu,G8 80
Kuwait,Jammu,G8 80
Kuwait,Jammu,G8 80
Kuwait,Jammu,G8 80
Kuwait,Kannur,G8 80
Kuwait,Kannur,G8 80
Kuwait,Kannur,G8 62
Kuwait,Kannur,G8 80
Kuwait,Kannur,G8 80
Kuwait,Kannur,G8 80
Kuwait,Kannur,G8 62
Kuwait,Kannur,G8 80
Kuwait,Kannur,G8 80
Kuwait,Kannur,G8 62
Kuwait,Kochi,G8 80
Kuwait,Kochi,G8 80
Kuwait,Lucknow,G8 80
Kuwait,Lucknow,G8 80
Kuwait,Lucknow,G8 80
Kuwait,Lucknow,G8 80
Kuwait,Lucknow,G8 80
Kuwait,Mumbai,G8 80
Kuwait,Mumbai,G8 62
Kuwait,Mumbai,G8 80
Kuwait,Mumbai,G8 62
Kuwait,Patna,G8 80
Kuwait,Patna,G8 80
Kuwait,Ranchi,G8 80
Kuwait,Ranchi,G8 80
Kuwait,Ranchi,G8 80
Kuwait,Ranchi,G8 80
Kuwait,Ranchi,G8 80
Kuwait,Ranchi,G8 80
Kuwait,Ranchi,G8 80
Kuwait,Varanasi,G8 80
Kuwait,Varanasi,G8 80
Leh,Abu Dhabi,G8 206
Leh,Abu Dhabi,G8 6002
Leh,Abu Dhabi,G8 6002
Leh,Abu Dhabi,G8 220
Leh,Abu Dhabi,G8 220
Leh,Abu Dhabi,G8 226
Leh,Abu Dhabi,G8 6002
Leh,Ahmedabad,G8 206
Leh,Ahmedabad,G8 206
Leh,Ahmedabad,G8 6002
Leh,Ahmedabad,G8 6002
Leh,Ahmedabad,G8 6002
Leh,Ahmedabad,G8 6002
Leh,Ahmedabad,G8 220
Leh,Ahmedabad,G8 220
Leh,Ahmedabad,G8 220
Leh,Ahmedabad,G8 220
Leh,Ahmedabad,G8 226
Leh,Ahmedabad,G8 226
Leh,Ahmedabad,G8 6002
Leh,Ahmedabad,G8 6002
Leh,Bagdogra,G8 206
Leh,Bagdogra,G8 6002
Leh,Bagdogra,G8 226
Leh,Bagdogra,G8 6002
Leh,Bengaluru,G8 6002
Leh,Bengaluru,G8 6002
Leh,Bengaluru,G8 220
Leh,Bengaluru,G8 220
Leh,Bengaluru,G8 226
Leh,Bengaluru,G8 6002
Leh,Chandigarh,G8 6003
Leh,Chandigarh,G8 6003
Leh,Delhi,G8 206
Leh,Delhi,G8 6002
Leh,Delhi,G8 6002
Leh,Delhi,G8 204
Leh,Delhi,G8 220
Leh,Delhi,G8 220
Leh,Delhi,G8 226
Leh,Delhi,G8 6002
Leh,Goa,G8 206
Leh,Goa,G8 6002
Leh,Guwahati,G8 206
Leh,Guwahati,G8 6002
Leh,Hyderabad,G8 6002
Leh,Hyderabad,G8 6002
Leh,Hyderabad,G8 220
Leh,Hyderabad,G8 220
Leh,Hyderabad,G8 226
Leh,Hyderabad,G8 6002
Leh,Jammu,G8 204
Leh,Mumbai,G8 6003
Leh,Mumbai,G8 357
Leh,Mumbai,G8 386
Leh,Mumbai,G8 357
Leh,Mumbai,G8 386
Leh,Mumbai,G8 6003
Leh,Mumbai,G8 220
Leh,Mumbai,G8 220
Leh,Mumbai,G8 226
Leh,Mumbai,G8 6002
Leh,Mumbai,G8 6002
Leh,Mumbai,G8 6003
Leh,Mumbai,G8 6003
Leh,Mumbai,G8 357
Leh,Mumbai,G8 386
Leh,Mumbai,G8 357
Leh,Mumbai,G8 386
Leh,Mumbai,G8 206
Leh,Mumbai,G8 220
Leh,Mumbai,G8 226
Leh,Mumbai,G8 386
Leh,Mumbai,G8 6002
Leh,Mumbai,G8 6002
Leh,Mumbai,G8 6003
Leh,Mumbai,G8 206
Leh,Mumbai,G8 6002
Leh,Mumbai,G8 6002
Leh,Mumbai,G8 6002
Leh,Mumbai,G8 6002
Leh,Mumbai,G8 220
Leh,Mumbai,G8 220
Leh,Mumbai,G8 220
Leh,Mumbai,G8 220
Leh,Mumbai,G8 226
Leh,Mumbai,G8 226
Leh,Mumbai,G8 6002
Leh,Mumbai,G8 6002
Leh,Mumbai,G8 6003
Leh,Nagpur,G8 206
Leh,Nagpur,G8 6002
Leh,Nagpur,G8 6002
Leh,Nagpur,G8 220
Leh,Nagpur,G8 220
Leh,Nagpur,G8 226
Leh,Nagpur,G8 6002
Leh,Pune,G8 206
Leh,Pune,G8 220
Leh,Pune,G8 220
Leh,Pune,G8 226
Leh,Pune,G8 6002
Leh,Pune,G8 6002
Leh,Pune,G8 6002
Leh,Pune,G8 206
Leh,Pune,G8 220
Leh,Pune,G8 226
Leh,Pune,G8 6002
Leh,Pune,G8 206
Leh,Pune,G8 220
Leh,Pune,G8 220
Leh,Pune,G8 226
Leh,Pune,G8 6002
Leh,Pune,G8 6002
Leh,Pune,G8 6002
Leh,Pune,G8 206
Leh,Pune,G8 206
Leh,Pune,G8 206
Leh,Pune,G8 6002
Leh,Pune,G8 6002
Leh,Pune,G8 6002
Leh,Pune,G8 6002
Leh,Pune,G8 220
Leh,Pune,G8 220
Leh,Pune,G8 220
Leh,Pune,G8 220
Leh,Pune,G8 226
Leh,Pune,G8 226
Leh,Pune,G8 6002
Leh,Pune,G8 6002
Leh,Ranchi,G8 206
Leh,Ranchi,G8 220
Leh,Ranchi,G8 220
Leh,Ranchi,G8 226
Leh,Ranchi,G8 6002
Leh,Ranchi,G8 6002
Leh,Ranchi,G8 206
Leh,Ranchi,G8 220
Leh,Ranchi,G8 220
Leh,Ranchi,G8 226
Leh,Ranchi,G8 6002
Leh,Ranchi,G8 6002
Leh,Ranchi,G8 6002
Leh,Ranchi,G8 206
Leh,Ranchi,G8 220
Leh,Ranchi,G8 226
Leh,Ranchi,G8 6002
Leh,Ranchi,G8 6002
Leh,Ranchi,G8 206
Leh,Ranchi,G8 220
Leh,Ranchi,G8 220
Leh,Ranchi,G8 226
Leh,Ranchi,G8 6002
Leh,Ranchi,G8 6002
Leh,Ranchi,G8 206
Leh,Ranchi,G8 220
Leh,Ranchi,G8 220
Leh,Ranchi,G8 226
Leh,Ranchi,G8 6002
Leh,Ranchi,G8 6002
Leh,Ranchi,G8 6002
Leh,Ranchi,G8 206
Leh,Ranchi,G8 220
Leh,Ranchi,G8 220
Leh,Ranchi,G8 226
Leh,Ranchi,G8 6002
Leh,Ranchi,G8 6002
Leh,Ranchi,G8 206
Leh,Ranchi,G8 6002
Leh,Ranchi,G8 226
Leh,Srinagar,G8 386
Leh,Srinagar,G8 357
Lucknow,Abu Dhabi,G8 307
Lucknow,Abu Dhabi,G8 307
Lucknow,Abu Dhabi,G8 307
Lucknow,Ahmedabad,G8 396
Lucknow,Ahmedabad,G8 307
Lucknow,Amritsar,G8 396
Lucknow,Amritsar,G8 396
Lucknow,Amritsar,G8 396
Lucknow,Amritsar,G8 396
Lucknow,Amritsar,G8 396
Lucknow,Amritsar,G8 396
Lucknow,Amritsar,G8 307
Lucknow,Bangkok,G8 307
Lucknow,Bangkok,G8 396
Lucknow,Bangkok,G8 307
Lucknow,Bangkok,G8 396
Lucknow,Bengaluru,G8 307
Lucknow,Bengaluru,G8 396
Lucknow,Bengaluru,G8 307
Lucknow,Bengaluru,G8 307
Lucknow,Bengaluru,G8 396
Lucknow,Bengaluru,G8 396
Lucknow,Bengaluru,G8 396
Lucknow,Bengaluru,G8 396
Lucknow,Bengaluru,G8 307
Lucknow,Bengaluru,G8 806
Lucknow,Chennai,G8 396
Lucknow,Chennai,G8 307
Lucknow,Chennai,G8 396
Lucknow,Chennai,G8 396
Lucknow,Chennai,G8 396
Lucknow,Chennai,G8 396
Lucknow,Chennai,G8 307
Lucknow,Chennai,G8 396
Lucknow,Chennai,G8 396
Lucknow,Chennai,G8 396
Lucknow,Chennai,G8 396
Lucknow,Chennai,G8 307
Lucknow,Goa,G8 396
Lucknow,Goa,G8 307
Lucknow,Goa,G8 307
Lucknow,Jaipur,G8 806
Lucknow,Jaipur,G8 806
Lucknow,Jaipur,G8 806
Lucknow,Jeddah,G8 307
Lucknow,Jeddah,G8 307
Lucknow,Kochi,G8 396
Lucknow,Kochi,G8 307
Lucknow,Kuwait,G8 307
Lucknow,Kuwait,G8 307
Lucknow,Mumbai,G8 806
Lucknow,Mumbai,G8 806
Lucknow,Mumbai,G8 806
Lucknow,Mumbai,G8 806
Lucknow,Mumbai,G8 806
Lucknow,Mumbai,G8 396
Lucknow,Mumbai,G8 307
Lucknow,Mumbai,G8 806
Lucknow,Nagpur,G8 396
Lucknow,Nagpur,G8 396
Lucknow,Nagpur,G8 307
Lucknow,Phuket,G8 307
Lucknow,Phuket,G8 396
Lucknow,Phuket,G8 307
Lucknow,Phuket,G8 396
Lucknow,Phuket,G8 307
Lucknow,Phuket,G8 396
Lucknow,Phuket,G8 307
Lucknow,Phuket,G8 396
Lucknow,Phuket,G8 396
Lucknow,Phuket,G8 307
Lucknow,Phuket,G8 806
Mumbai,Abu Dhabi,G8 5
Mumbai,Abu Dhabi,G8 5
Mumbai,Abu Dhabi,G8 5
Mumbai,Abu Dhabi,G8 329
Mumbai,Abu Dhabi,G8 329
Mumbai,Ahmedabad,G8 2504
Mumbai,Ahmedabad,G8 364
Mumbai,Ahmedabad,G8 365
Mumbai,Amritsar,G8 2411
Mumbai,Amritsar,G8 2411
Mumbai,Amritsar,G8 2411
Mumbai,Amritsar,G8 2411
Mumbai,Amritsar,G8 2411
Mumbai,Amritsar,G8 2411
Mumbai,Amritsar,G8 2417
Mumbai,Bagdogra,G8 341
Mumbai,Bagdogra,G8 341
Mumbai,Bagdogra,G8 341
Mumbai,Bagdogra,G8 322
Mumbai,Bagdogra,G8 339
Mumbai,Bagdogra,G8 345
Mumbai,Bagdogra,G8 329
Mumbai,Bagdogra,G8 329
Mumbai,Bangkok,G8 322
Mumbai,Bangkok,G8 339
Mumbai,Bangkok,G8 341
Mumbai,Bangkok,G8 345
Mumbai,Bangkok,G8 341
Mumbai,Bangkok,G8 322
Mumbai,Bangkok,G8 339
Mumbai,Bangkok,G8 341
Mumbai,Bangkok,G8 345
Mumbai,Bangkok,G8 322
Mumbai,Bangkok,G8 339
Mumbai,Bangkok,G8 345
Mumbai,Bangkok,G8 25
Mumbai,Bengaluru,G8 349
Mumbai,Bengaluru,G8 349
Mumbai,Bengaluru,G8 325
Mumbai,Bengaluru,G8 349
Mumbai,Bengaluru,G8 349
Mumbai,Bengaluru,G8 325
Mumbai,Bengaluru,G8 325
Mumbai,Bengaluru,G8 349
Mumbai,Bengaluru,G8 349
Mumbai,Bengaluru,G8 317
Mumbai,Bengaluru,G8 325
Mumbai,Chandigarh,G8 461
Mumbai,Chandigarh,G8 461
Mumbai,Chandigarh,G8 2506
Mumbai,Chandigarh,G8 461
Mumbai,Chandigarh,G8 2506
Mumbai,Chandigarh,G8 381
Mumbai,Chandigarh,G8 364
Mumbai,Chandigarh,G8 364
Mumbai,Chandigarh,G8 2506
Mumbai,Chennai,G8 305
Mumbai,Chennai,G8 305
Mumbai,Chennai,G8 4305
Mumbai,Chennai,G8 305
Mumbai,Chennai,G8 305
Mumbai,Chennai,G8 305
Mumbai,Chennai,G8 305
Mumbai,Chennai,G8 4305
Mumbai,Chennai,G8 4305
Mumbai,Dammam,G8 335
Mumbai,Dammam,G8 335
Mumbai,Dammam,G8 335
Mumbai,Dammam,G8 335
Mumbai,Dehra Dun,G8 2315
Mumbai,Dehra Dun,G8 2315
Mumbai,Dehra Dun,G8 2315
Mumbai,Delhi,G8 387
Mumbai,Delhi,G8 387
Mumbai,Delhi,G8 365
Mumbai,Delhi,G8 387
Mumbai,Delhi,G8 364
Mumbai,Delhi,G8 2504
Mumbai,Delhi,G8 364
Mumbai,Delhi,G8 287
Mumbai,Delhi,G8 287
Mumbai,Delhi,G8 2504
Mumbai,Delhi,G8 387
Mumbai,Delhi,G8 387
Mumbai,Delhi,G8 364
Mumbai,Delhi,G8 365
Mumbai,Delhi,G8 387
Mumbai,Delhi,G8 387
Mumbai,Delhi,G8 2504
Mumbai,Delhi,G8 2504
Mumbai,Delhi,G8 341
Mumbai,Delhi,G8 364
Mumbai,Delhi,G8 387
Mumbai,Delhi,G8 325
Mumbai,Delhi,G8 387
Mumbai,Delhi,G8 341
Mumbai,Delhi,G8 2504
Mumbai,Delhi,G8 387
Mumbai,Delhi,G8 365
Mumbai,Delhi,G8 387
Mumbai,Delhi,G8 325
Mumbai,Delhi,G8 325
Mumbai,Delhi,G8 287
Mumbai,Delhi,G8 287
Mumbai,Delhi,G8 2504
Mumbai,Delhi,G8 2504
Mumbai,Delhi,G8 341
Mumbai,Delhi,G8 364
Mumbai,Delhi,G8 387
Mumbai,Delhi,G8 331
Mumbai,Delhi,G8 364
Mumbai,Delhi,G8 325
Mumbai,Delhi,G8 322
Mumbai,Delhi,G8 329
Mumbai,Delhi,G8 329
Mumbai,Delhi,G8 339
Mumbai,Delhi,G8 345
Mumbai,Delhi,G8 575
Mumbai,Dubai,G8 335
Mumbai,Dubai,G8 335
Mumbai,Dubai,G8 335
Mumbai,Dubai,G8 335
Mumbai,Dubai,G8 335
Mumbai,Dubai,G8 335
Mumbai,Goa,G8 331
Mumbai,Goa,G8 382
Mumbai,Goa,G8 382
Mumbai,Goa,G8 371
Mumbai,Goa,G8 384
Mumbai,Goa,G8 575
Mumbai,Guwahati,G8 329
Mumbai,Guwahati,G8 329
Mumbai,Guwahati,G8 345
Mumbai,Jaipur,G8 2607
Mumbai,Jammu,G8 287
Mumbai,Jammu,G8 287
Mumbai,Jammu,G8 345
Mumbai,Jammu,G8 329
Mumbai,Jammu,G8 329
Mumbai,Jeddah,G8 77
Mumbai,Jeddah,G8 77
Mumbai,Kannur,G8 335
Mumbai,Kannur,G8 335
Mumbai,Kannur,G8 335
Mumbai,Kannur,G8 335
Mumbai,Kannur,G8 335
Mumbai,Kannur,G8 335
Mumbai,Kochi,G8 317
Mumbai,Kochi,G8 317
Mumbai,Kochi,G8 317
Mumbai,Kochi,G8 317
Mumbai,Kochi,G8 336
Mumbai,Kochi,G8 347
Mumbai,Kochi,G8 317
Mumbai,Kolkata,G8 341
Mumbai,Kolkata,G8 341
Mumbai,Kolkata,G8 341
Mumbai,Kolkata,G8 322
Mumbai,Kolkata,G8 339
Mumbai,Kolkata,G8 341
Mumbai,Kolkata,G8 345
Mumbai,Kolkata,G8 322
Mumbai,Kolkata,G8 339
Mumbai,Kolkata,G8 345
Mumbai,Kuwait,G8 335
Mumbai,Kuwait,G8 79
Mumbai,Kuwait,G8 335
Mumbai,Kuwait,G8 335
Mumbai,Kuwait,G8 335
Mumbai,Kuwait,G8 335
Mumbai,Kuwait,G8 79
Mumbai,Leh,G8 341
Mumbai,Leh,G8 341
Mumbai,Leh,G8 341
Mumbai,Leh,G8 341
Mumbai,Leh,G8 341
Mumbai,Leh,G8 341
Mumbai,Leh,G8 341
Mumbai,Leh,G8 341
Mumbai,Leh,G8 341
Mumbai,Leh,G8 341
Mumbai,Leh,G8 341
Mumbai,Leh,G8 341
Mumbai,Leh,G8 341
Mumbai,Leh,G8 341
Mumbai,Leh,G8 341
Mumbai,Leh,G8 341
Mumbai,Leh,G8 341
Mumbai,Leh,G8 341
Mumbai,Leh,G8 341
Mumbai,Leh,G8 341
Mumbai,Leh,G8 341
Mumbai,Leh,G8 386
Mumbai,Leh,G8 322
Mumbai,Leh,G8 339
Mumbai,Leh,G8 345
Mumbai,Leh,G8 322
Mumbai,Leh,G8 345
Mumbai,Leh,G8 322
Mumbai,Leh,G8 339
Mumbai,Leh,G8 345
Mumbai,Leh,G8 322
Mumbai,Leh,G8 322
Mumbai,Leh,G8 322
Mumbai,Leh,G8 322
Mumbai,Leh,G8 322
Mumbai,Leh,G8 322
Mumbai,Leh,G8 339
Mumbai,Leh,G8 339
Mumbai,Leh,G8 339
Mumbai,Leh,G8 345
Mumbai,Leh,G8 345
Mumbai,Leh,G8 345
Mumbai,Leh,G8 345
Mumbai,Leh,G8 345
Mumbai,Leh,G8 345
Mumbai,Leh,G8 329
Mumbai,Leh,G8 329
Mumbai,Leh,G8 329
Mumbai,Lucknow,G8 397
Mumbai,Lucknow,G8 306
Mumbai,Lucknow,G8 317
Mumbai,Muscat,G8 347
Mumbai,Nagpur,G8 2601
Mumbai,Nagpur,G8 2601
Mumbai,Nagpur,G8 344
Mumbai,Patna,G8 341
Mumbai,Patna,G8 325
Mumbai,Patna,G8 341
Mumbai,Patna,G8 325
Mumbai,Patna,G8 325
Mumbai,Patna,G8 341
Mumbai,Patna,G8 351
Mumbai,Patna,G8 325
Mumbai,Patna,G8 322
Mumbai,Patna,G8 345
Mumbai,Patna,G8 329
Mumbai,Patna,G8 329
Mumbai,Phuket,G8 21
Mumbai,Phuket,G8 322
Mumbai,Phuket,G8 339
Mumbai,Phuket,G8 341
Mumbai,Phuket,G8 345
Mumbai,Phuket,G8 21
Mumbai,Phuket,G8 21
Mumbai,Phuket,G8 341
Mumbai,Phuket,G8 322
Mumbai,Phuket,G8 325
Mumbai,Phuket,G8 339
Mumbai,Phuket,G8 341
Mumbai,Phuket,G8 345
Mumbai,Phuket,G8 325
Mumbai,Phuket,G8 325
Mumbai,Phuket,G8 21
Mumbai,Phuket,G8 322
Mumbai,Phuket,G8 339
Mumbai,Phuket,G8 345
Mumbai,Phuket,G8 21
Mumbai,Phuket,G8 341
Mumbai,Phuket,G8 322
Mumbai,Phuket,G8 325
Mumbai,Phuket,G8 339
Mumbai,Phuket,G8 345
Mumbai,Port Blair,G8 305
Mumbai,Port Blair,G8 325
Mumbai,Port Blair,G8 317
Mumbai,Port Blair,G8 305
Mumbai,Port Blair,G8 325
Mumbai,Port Blair,G8 4305
Mumbai,Port Blair,G8 4305
Mumbai,Port Blair,G8 305
Mumbai,Port Blair,G8 317
Mumbai,Port Blair,G8 305
Mumbai,Port Blair,G8 305
Mumbai,Port Blair,G8 325
Mumbai,Port Blair,G8 325
Mumbai,Port Blair,G8 325
Mumbai,Port Blair,G8 305
Mumbai,Port Blair,G8 317
Mumbai,Port Blair,G8 325
Mumbai,Port Blair,G8 4305
Mumbai,Port Blair,G8 4305
Mumbai,Port Blair,G8 4305
Mumbai,Pune,G8 329
Mumbai,Pune,G8 329
Mumbai,Pune,G8 329
Mumbai,Pune,G8 329
Mumbai,Pune,G8 329
Mumbai,Pune,G8 322
Mumbai,Pune,G8 345
Mumbai,Pune,G8 329
Mumbai,Pune,G8 344
Mumbai,Pune,G8 317
Mumbai,Pune,G8 329
Mumbai,Pune,G8 329
Mumbai,Ranchi,G8 329
Mumbai,Ranchi,G8 329
Mumbai,Ranchi,G8 387
Mumbai,Ranchi,G8 387
Mumbai,Ranchi,G8 329
Mumbai,Ranchi,G8 329
Mumbai,Ranchi,G8 387
Mumbai,Ranchi,G8 387
Mumbai,Ranchi,G8 329
Mumbai,Ranchi,G8 325
Mumbai,Ranchi,G8 329
Mumbai,Ranchi,G8 329
Mumbai,Ranchi,G8 387
Mumbai,Ranchi,G8 387
Mumbai,Ranchi,G8 325
Mumbai,Ranchi,G8 325
Mumbai,Ranchi,G8 329
Mumbai,Ranchi,G8 329
Mumbai,Ranchi,G8 329
Mumbai,Ranchi,G8 329
Mumbai,Ranchi,G8 387
Mumbai,Ranchi,G8 325
Mumbai,Ranchi,G8 317
Mumbai,Ranchi,G8 329
Mumbai,Ranchi,G8 329
Mumbai,Srinagar,G8 322
Mumbai,Srinagar,G8 345
Mumbai,Srinagar,G8 287
Mumbai,Srinagar,G8 287
Mumbai,Srinagar,G8 329
Mumbai,Srinagar,G8 329
Mumbai,Srinagar,G8 329
Mumbai,Srinagar,G8 329
Mumbai,Srinagar,G8 329
Mumbai,Srinagar,G8 287
Mumbai,Srinagar,G8 322
Mumbai,Srinagar,G8 345
Mumbai,Srinagar,G8 322
Mumbai,Srinagar,G8 329
Mumbai,Srinagar,G8 329
Mumbai,Srinagar,G8 345
Mumbai,Srinagar,G8 287
Mumbai,Srinagar,G8 329
Mumbai,Srinagar,G8 287
Mumbai,Srinagar,G8 341
Mumbai,Srinagar,G8 341
Mumbai,Srinagar,G8 2506
Mumbai,Srinagar,G8 341
Mumbai,Srinagar,G8 341
Mumbai,Srinagar,G8 322
Mumbai,Srinagar,G8 345
Mumbai,Srinagar,G8 2506
Mumbai,Srinagar,G8 287
Mumbai,Srinagar,G8 287
Mumbai,Srinagar,G8 329
Mumbai,Srinagar,G8 329
Mumbai,Srinagar,G8 329
Mumbai,Srinagar,G8 287
Mumbai,Srinagar,G8 329
Mumbai,Srinagar,G8 329
Mumbai,Srinagar,G8 329
Mumbai,Srinagar,G8 341
Mumbai,Srinagar,G8 341
Mumbai,Srinagar,G8 381
Mumbai,Srinagar,G8 386
Mumbai,Srinagar,G8 386
Mumbai,Srinagar,G8 322
Mumbai,Srinagar,G8 322
Mumbai,Srinagar,G8 345
Mumbai,Srinagar,G8 345
Mumbai,Srinagar,G8 329
Mumbai,Srinagar,G8 329
Mumbai,Srinagar,G8 322
Mumbai,Srinagar,G8 345
Mumbai,Srinagar,G8 329
Mumbai,Srinagar,G8 329
Mumbai,Srinagar,G8 2506
Mumbai,Srinagar,G8 322
Mumbai,Srinagar,G8 322
Mumbai,Srinagar,G8 339
Mumbai,Srinagar,G8 345
Mumbai,Srinagar,G8 345
Mumbai,Varanasi,G8 317
Mumbai,Varanasi,G8 317
Mumbai,Varanasi,G8 317
Mumbai,Varanasi,G8 317
Mumbai,Varanasi,G8 317
Mumbai,Varanasi,G8 349
Mumbai,Varanasi,G8 317
Mumbai,Varanasi,G8 365
Muscat,Kannur,G8 56
Muscat,Kochi,G8 66
Muscat,Kochi,G8 66
Muscat,Mumbai,G8 66
Muscat,Mumbai,G8 56
Nagpur,Abu Dhabi,G8 141
Nagpur,Abu Dhabi,G8 141
Nagpur,Abu Dhabi,G8 141
Nagpur,Abu Dhabi,G8 2516
Nagpur,Abu Dhabi,G8 2516
Nagpur,Ahmedabad,G8 141
Nagpur,Ahmedabad,G8 141
Nagpur,Ahmedabad,G8 2612
Nagpur,Ahmedabad,G8 2516
Nagpur,Ahmedabad,G8 2516
Nagpur,Ahmedabad,G8 2516
Nagpur,Ahmedabad,G8 2516
Nagpur,Amritsar,G8 2612
Nagpur,Amritsar,G8 2612
Nagpur,Amritsar,G8 2612
Nagpur,Amritsar,G8 2612
Nagpur,Amritsar,G8 2612
Nagpur,Amritsar,G8 141
Nagpur,Amritsar,G8 2612
Nagpur,Bagdogra,G8 2516
Nagpur,Bagdogra,G8 2516
Nagpur,Bangkok,G8 2612
Nagpur,Bangkok,G8 2612
Nagpur,Bengaluru,G8 2612
Nagpur,Bengaluru,G8 2612
Nagpur,Bengaluru,G8 2612
Nagpur,Bengaluru,G8 2612
Nagpur,Bengaluru,G8 2516
Nagpur,Bengaluru,G8 2516
Nagpur,Bengaluru,G8 2612
Nagpur,Chandigarh,G8 141
Nagpur,Chandigarh,G8 141
Nagpur,Chandigarh,G8 141
Nagpur,Chandigarh,G8 141
Nagpur,Chandigarh,G8 141
Nagpur,Chandigarh,G8 2612
Nagpur,Chandigarh,G8 141
Nagpur,Chennai,G8 2612
Nagpur,Chennai,G8 2612
Nagpur,Chennai,G8 2612
Nagpur,Chennai,G8 2612
Nagpur,Chennai,G8 2612
Nagpur,Chennai,G8 2612
Nagpur,Chennai,G8 2612
Nagpur,Chennai,G8 2612
Nagpur,Chennai,G8 2612
Nagpur,Dehra Dun,G8 141
Nagpur,Dehra Dun,G8 141
Nagpur,Dehra Dun,G8 141
Nagpur,Delhi,G8 2516
Nagpur,Delhi,G8 2516
Nagpur,Goa,G8 141
Nagpur,Goa,G8 141
Nagpur,Goa,G8 141
Nagpur,Goa,G8 2612
Nagpur,Goa-New Goa,G8 955
Nagpur,Guwahati,G8 2516
Nagpur,Guwahati,G8 2516
Nagpur,Hyderabad,G8 2516
Nagpur,Hyderabad,G8 2516
Nagpur,Jaipur,G8 141
Nagpur,Jammu,G8 2516
Nagpur,Jammu,G8 2516
Nagpur,Kannur,G8 141
Nagpur,Kannur,G8 141
Nagpur,Kannur,G8 141
Nagpur,Kannur,G8 141
Nagpur,Kannur,G8 141
Nagpur,Kannur,G8 141
Nagpur,Kochi,G8 2612
Nagpur,Kochi,G8 141
Nagpur,Leh,G8 2612
Nagpur,Lucknow,G8 141
Nagpur,Mumbai,G8 141
Nagpur,Mumbai,G8 2612
Nagpur,Phuket,G8 2612
Nagpur,Phuket,G8 2612
Nagpur,Phuket,G8 2612
Nagpur,Phuket,G8 2612
Nagpur,Phuket,G8 2612
Nagpur,Pune,G8 282
Nagpur,Pune,G8 284
Nagpur,Ranchi,G8 2516
Nagpur,Ranchi,G8 2516
Nagpur,Ranchi,G8 141
Nagpur,Ranchi,G8 141
Nagpur,Ranchi,G8 2516
Nagpur,Ranchi,G8 2516
Nagpur,Ranchi,G8 141
Nagpur,Ranchi,G8 141
Nagpur,Ranchi,G8 2516
Nagpur,Ranchi,G8 2516
Nagpur,Ranchi,G8 2516
Nagpur,Ranchi,G8 2516
Nagpur,Ranchi,G8 141
Nagpur,Ranchi,G8 141
Nagpur,Ranchi,G8 2516
Nagpur,Ranchi,G8 2516
Nagpur,Ranchi,G8 2516
Nagpur,Ranchi,G8 2516
Nagpur,Ranchi,G8 141
Nagpur,Ranchi,G8 2516
Nagpur,Ranchi,G8 2516
Nagpur,Srinagar,G8 2516
Nagpur,Srinagar,G8 2516
Nagpur,Srinagar,G8 2516
Nagpur,Srinagar,G8 2516
Nagpur,Srinagar,G8 2516
Nagpur,Srinagar,G8 2516
Nagpur,Srinagar,G8 2516
Nagpur,Srinagar,G8 2516
Nagpur,Srinagar,G8 2516
Nagpur,Srinagar,G8 2516
Nagpur,Srinagar,G8 2516
Nagpur,Srinagar,G8 2516
Nagpur,Srinagar,G8 2516
Nagpur,Srinagar,G8 2516
Nagpur,Srinagar,G8 2516
Nagpur,Varanasi,G8 141
Patna,Abu Dhabi,G8 352
Patna,Abu Dhabi,G8 352
Patna,Abu Dhabi,G8 2512
Patna,Abu Dhabi,G8 352
Patna,Ahmedabad,G8 273
Patna,Ahmedabad,G8 2512
Patna,Ahmedabad,G8 2512
Patna,Ahmedabad,G8 273
Patna,Ahmedabad,G8 352
Patna,Amritsar,G8 352
Patna,Bengaluru,G8 352
Patna,Bengaluru,G8 352
Patna,Bengaluru,G8 352
Patna,Bengaluru,G8 2512
Patna,Bengaluru,G8 273
Patna,Bengaluru,G8 352
Patna,Chandigarh,G8 352
Patna,Chandigarh,G8 352
Patna,Chandigarh,G8 352
Patna,Chennai,G8 352
Patna,Chennai,G8 352
Patna,Chennai,G8 352
Patna,Delhi,G8 2512
Patna,Goa,G8 273
Patna,Goa,G8 352
Patna,Hyderabad,G8 2512
Patna,Jaipur,G8 352
Patna,Kochi,G8 273
Patna,Kochi,G8 273
Patna,Kochi,G8 273
Patna,Kochi,G8 273
Patna,Kochi,G8 273
Patna,Kuwait,G8 352
Patna,Kuwait,G8 352
Patna,Mumbai,G8 273
Patna,Mumbai,G8 273
Patna,Mumbai,G8 2512
Patna,Mumbai,G8 273
Patna,Mumbai,G8 273
Patna,Mumbai,G8 2512
Patna,Mumbai,G8 2512
Patna,Mumbai,G8 2512
Patna,Mumbai,G8 273
Patna,Mumbai,G8 352
Patna,Nagpur,G8 2512
Patna,Nagpur,G8 352
Patna,Phuket,G8 352
Patna,Phuket,G8 352
Patna,Phuket,G8 352
Patna,Phuket,G8 352
Patna,Phuket,G8 352
Patna,Pune,G8 2512
Patna,Pune,G8 2512
Patna,Pune,G8 2512
Patna,Pune,G8 2512
Patna,Pune,G8 2512
Patna,Pune,G8 273
Patna,Srinagar,G8 2512
Patna,Varanasi,G8 273
Patna,Varanasi,G8 273
Patna,Varanasi,G8 273
Patna,Varanasi,G8 273
Patna,Varanasi,G8 273
Patna,Varanasi,G8 273
Phuket,Abu Dhabi,G8 22
Phuket,Abu Dhabi,G8 22
Phuket,Abu Dhabi,G8 22
Phuket,Abu Dhabi,G8 22
Phuket,Abu Dhabi,G8 22
Phuket,Abu Dhabi,G8 22
Phuket,Abu Dhabi,G8 22
Phuket,Abu Dhabi,G8 22
Phuket,Ahmedabad,G8 22
Phuket,Ahmedabad,G8 22
Phuket,Ahmedabad,G8 74
Phuket,Ahmedabad,G8 22
Phuket,Ahmedabad,G8 74
Phuket,Ahmedabad,G8 22
Phuket,Ahmedabad,G8 74
Phuket,Ahmedabad,G8 22
Phuket,Ahmedabad,G8 74
Phuket,Amritsar,G8 22
Phuket,Amritsar,G8 22
Phuket,Amritsar,G8 22
Phuket,Amritsar,G8 22
Phuket,Amritsar,G8 22
Phuket,Bagdogra,G8 74
Phuket,Bagdogra,G8 74
Phuket,Bagdogra,G8 74
Phuket,Bengaluru,G8 22
Phuket,Bengaluru,G8 22
Phuket,Bengaluru,G8 74
Phuket,Bengaluru,G8 22
Phuket,Bengaluru,G8 22
Phuket,Bengaluru,G8 74
Phuket,Bengaluru,G8 22
Phuket,Bengaluru,G8 22
Phuket,Bengaluru,G8 22
Phuket,Bengaluru,G8 22
Phuket,Bengaluru,G8 42
Phuket,Bengaluru,G8 74
Phuket,Chandigarh,G8 22
Phuket,Chandigarh,G8 22
Phuket,Chandigarh,G8 22
Phuket,Chandigarh,G8 22
Phuket,Chandigarh,G8 22
Phuket,Chandigarh,G8 22
Phuket,Chandigarh,G8 22
Phuket,Chennai,G8 22
Phuket,Chennai,G8 22
Phuket,Chennai,G8 22
Phuket,Delhi,G8 22
Phuket,Delhi,G8 22
Phuket,Delhi,G8 22
Phuket,Delhi,G8 22
Phuket,Delhi,G8 22
Phuket,Delhi,G8 22
Phuket,Delhi,G8 22
Phuket,Delhi,G8 74
Phuket,Delhi,G8 22
Phuket,Delhi,G8 22
Phuket,Delhi,G8 22
Phuket,Delhi,G8 22
Phuket,Delhi,G8 22
Phuket,Delhi,G8 22
Phuket,Delhi,G8 74
Phuket,Delhi,G8 22
Phuket,Delhi,G8 22
Phuket,Delhi,G8 22
Phuket,Delhi,G8 22
Phuket,Delhi,G8 22
Phuket,Delhi,G8 22
Phuket,Delhi,G8 42
Phuket,Delhi,G8 42
Phuket,Delhi,G8 74
Phuket,Goa,G8 22
Phuket,Goa,G8 22
Phuket,Goa,G8 22
Phuket,Goa,G8 22
Phuket,Goa,G8 22
Phuket,Goa,G8 22
Phuket,Goa,G8 22
Phuket,Goa,G8 22
Phuket,Goa,G8 22
Phuket,Goa,G8 22
Phuket,Hyderabad,G8 74
Phuket,Hyderabad,G8 74
Phuket,Hyderabad,G8 74
Phuket,Jaipur,G8 22
Phuket,Jaipur,G8 42
Phuket,Jaipur,G8 22
Phuket,Jaipur,G8 22
Phuket,Jaipur,G8 42
Phuket,Jaipur,G8 22
Phuket,Jaipur,G8 22
Phuket,Jaipur,G8 42
Phuket,Kolkata,G8 74
Phuket,Kolkata,G8 74
Phuket,Kolkata,G8 74
Phuket,Kolkata,G8 74
Phuket,Mumbai,G8 22
Phuket,Mumbai,G8 42
Phuket,Mumbai,G8 42
Phuket,Mumbai,G8 22
Phuket,Mumbai,G8 74
Phuket,Mumbai,G8 74
Phuket,Mumbai,G8 74
Phuket,Mumbai,G8 22
Phuket,Mumbai,G8 42
Phuket,Mumbai,G8 42
Phuket,Mumbai,G8 74
Phuket,Mumbai,G8 74
Phuket,Mumbai,G8 74
Phuket,Mumbai,G8 42
Phuket,Mumbai,G8 22
Phuket,Mumbai,G8 22
Phuket,Mumbai,G8 42
Phuket,Mumbai,G8 74
Phuket,Mumbai,G8 74
Phuket,Mumbai,G8 74
Phuket,Nagpur,G8 22
Phuket,Nagpur,G8 22
Phuket,Nagpur,G8 22
Phuket,Nagpur,G8 22
Phuket,Nagpur,G8 22
Phuket,Patna,G8 42
Phuket,Srinagar,G8 74
Phuket,Srinagar,G8 74
Phuket,Srinagar,G8 74
Port Blair,Ahmedabad,G8 803
Port Blair,Ahmedabad,G8 803
Port Blair,Ahmedabad,G8 803
Port Blair,Bengaluru,G8 803
Port Blair,Bengaluru,G8 803
Port Blair,Bengaluru,G8 803
Port Blair,Chennai,G8 304
Port Blair,Chennai,G8 304
Port Blair,Chennai,G8 6101
Port Blair,Chennai,G8 304
Port Blair,Chennai,G8 304
Port Blair,Chennai,G8 6101
Port Blair,Delhi,G8 102
Port Blair,Delhi,G8 6103
Port Blair,Delhi,G8 803
Port Blair,Delhi,G8 803
Port Blair,Delhi,G8 102
Port Blair,Delhi,G8 6103
Port Blair,Delhi,G8 803
Port Blair,Delhi,G8 102
Port Blair,Delhi,G8 6103
Port Blair,Kochi,G8 803
Port Blair,Kochi,G8 803
Port Blair,Kolkata,G8 102
Port Blair,Kolkata,G8 102
Port Blair,Kolkata,G8 102
Port Blair,Mumbai,G8 803
Port Blair,Mumbai,G8 803
Port Blair,Mumbai,G8 803
Port Blair,Mumbai,G8 304
Port Blair,Mumbai,G8 304
Port Blair,Mumbai,G8 6101
Port Blair,Mumbai,G8 803
Port Blair,Mumbai,G8 6101
Port Blair,Mumbai,G8 803
Port Blair,Mumbai,G8 803
Port Blair,Mumbai,G8 803
Port Blair,Mumbai,G8 803
Port Blair,Mumbai,G8 304
Port Blair,Mumbai,G8 304
Port Blair,Mumbai,G8 6101
Port Blair,Pune,G8 803
Port Blair,Pune,G8 803
Port Blair,Pune,G8 803
Pune,Abu Dhabi,G8 176
Pune,Abu Dhabi,G8 176
Pune,Abu Dhabi,G8 367
Pune,Bagdogra,G8 172
Pune,Bagdogra,G8 2541
Pune,Bagdogra,G8 176
Pune,Bagdogra,G8 176
Pune,Bangkok,G8 172
Pune,Bangkok,G8 2541
Pune,Bangkok,G8 172
Pune,Bangkok,G8 2541
Pune,Bangkok,G8 172
Pune,Bangkok,G8 2541
Pune,Bengaluru,G8 242
Pune,Delhi,G8 176
Pune,Delhi,G8 176
Pune,Delhi,G8 172
Pune,Delhi,G8 2541
Pune,Delhi,G8 367
Pune,Goa,G8 172
Pune,Goa,G8 176
Pune,Goa,G8 176
Pune,Goa-New Goa,G8 242
Pune,Guwahati,G8 176
Pune,Guwahati,G8 176
Pune,Hyderabad,G8 367
Pune,Jaipur,G8 242
Pune,Jaipur,G8 242
Pune,Jaipur,G8 242
Pune,Jammu,G8 176
Pune,Jammu,G8 176
Pune,Kolkata,G8 172
Pune,Kolkata,G8 2541
Pune,Kolkata,G8 172
Pune,Kolkata,G8 2541
Pune,Leh,G8 172
Pune,Leh,G8 2541
Pune,Leh,G8 172
Pune,Leh,G8 2541
Pune,Leh,G8 176
Pune,Leh,G8 172
Pune,Leh,G8 2541
Pune,Leh,G8 172
Pune,Leh,G8 172
Pune,Leh,G8 172
Pune,Leh,G8 172
Pune,Leh,G8 172
Pune,Leh,G8 172
Pune,Leh,G8 176
Pune,Leh,G8 176
Pune,Leh,G8 176
Pune,Leh,G8 176
Pune,Leh,G8 2541
Pune,Leh,G8 2541
Pune,Leh,G8 2541
Pune,Leh,G8 2541
Pune,Leh,G8 2541
Pune,Mumbai,G8 2541
Pune,Mumbai,G8 367
Pune,Mumbai,G8 281
Pune,Mumbai,G8 176
Pune,Mumbai,G8 176
Pune,Mumbai,G8 172
Pune,Mumbai,G8 172
Pune,Mumbai,G8 172
Pune,Mumbai,G8 176
Pune,Mumbai,G8 242
Pune,Mumbai,G8 2541
Pune,Mumbai,G8 2541
Pune,Mumbai,G8 2541
Pune,Mumbai,G8 367
Pune,Mumbai,G8 2541
Pune,Mumbai,G8 283
Pune,Mumbai,G8 367
Pune,Mumbai,G8 367
Pune,Nagpur,G8 281
Pune,Nagpur,G8 283
Pune,Patna,G8 242
Pune,Patna,G8 172
Pune,Patna,G8 176
Pune,Patna,G8 176
Pune,Patna,G8 2541
Pune,Phuket,G8 172
Pune,Phuket,G8 2541
Pune,Phuket,G8 172
Pune,Phuket,G8 2541
Pune,Phuket,G8 172
Pune,Phuket,G8 2541
Pune,Phuket,G8 172
Pune,Phuket,G8 242
Pune,Phuket,G8 2541
Pune,Ranchi,G8 176
Pune,Ranchi,G8 176
Pune,Ranchi,G8 367
Pune,Ranchi,G8 367
Pune,Ranchi,G8 367
Pune,Ranchi,G8 176
Pune,Ranchi,G8 176
Pune,Ranchi,G8 367
Pune,Ranchi,G8 367
Pune,Ranchi,G8 176
Pune,Ranchi,G8 176
Pune,Ranchi,G8 367
Pune,Ranchi,G8 176
Pune,Ranchi,G8 176
Pune,Ranchi,G8 242
Pune,Srinagar,G8 176
Pune,Srinagar,G8 176
Pune,Srinagar,G8 176
Pune,Srinagar,G8 176
Pune,Srinagar,G8 176
Pune,Srinagar,G8 176
Pune,Srinagar,G8 176
Pune,Srinagar,G8 176
Pune,Srinagar,G8 176
Pune,Srinagar,G8 176
Pune,Srinagar,G8 176
Pune,Srinagar,G8 176
Pune,Srinagar,G8 176
Pune,Srinagar,G8 176
Pune,Srinagar,G8 172
Pune,Srinagar,G8 172
Pune,Srinagar,G8 176
Pune,Srinagar,G8 176
Pune,Srinagar,G8 176
Pune,Srinagar,G8 176
Pune,Srinagar,G8 172
Pune,Srinagar,G8 172
Pune,Srinagar,G8 2541
Pune,Srinagar,G8 2541
Ranchi,Ahmedabad,G8 148
Ranchi,Ahmedabad,G8 388
Ranchi,Ahmedabad,G8 388
Ranchi,Ahmedabad,G8 148
Ranchi,Ahmedabad,G8 375
Ranchi,Ahmedabad,G8 388
Ranchi,Ahmedabad,G8 388
Ranchi,Ahmedabad,G8 148
Ranchi,Ahmedabad,G8 148
Ranchi,Ahmedabad,G8 388
Ranchi,Ahmedabad,G8 388
Ranchi,Ahmedabad,G8 148
Ranchi,Ahmedabad,G8 148
Ranchi,Ahmedabad,G8 148
Ranchi,Ahmedabad,G8 375
Ranchi,Ahmedabad,G8 388
Ranchi,Ahmedabad,G8 238
Ranchi,Amritsar,G8 388
Ranchi,Amritsar,G8 388
Ranchi,Amritsar,G8 388
Ranchi,Amritsar,G8 388
Ranchi,Amritsar,G8 388
Ranchi,Amritsar,G8 388
Ranchi,Amritsar,G8 388
Ranchi,Amritsar,G8 388
Ranchi,Amritsar,G8 388
Ranchi,Amritsar,G8 388
Ranchi,Amritsar,G8 388
Ranchi,Amritsar,G8 388
Ranchi,Bagdogra,G8 148
Ranchi,Bagdogra,G8 148
Ranchi,Bagdogra,G8 148
Ranchi,Bagdogra,G8 148
Ranchi,Bagdogra,G8 148
Ranchi,Bagdogra,G8 148
Ranchi,Bangkok,G8 388
Ranchi,Bangkok,G8 388
Ranchi,Bangkok,G8 148
Ranchi,Bangkok,G8 148
Ranchi,Bangkok,G8 388
Ranchi,Bangkok,G8 388
Ranchi,Bangkok,G8 148
Ranchi,Bangkok,G8 148
Ranchi,Bangkok,G8 148
Ranchi,Bangkok,G8 388
Ranchi,Bangkok,G8 388
Ranchi,Bangkok,G8 148
Ranchi,Bangkok,G8 148
Ranchi,Bangkok,G8 388
Ranchi,Bangkok,G8 388
Ranchi,Bengaluru,G8 148
Ranchi,Bengaluru,G8 388
Ranchi,Bengaluru,G8 388
Ranchi,Bengaluru,G8 388
Ranchi,Bengaluru,G8 388
Ranchi,Bengaluru,G8 148
Ranchi,Bengaluru,G8 388
Ranchi,Bengaluru,G8 388
Ranchi,Bengaluru,G8 388
Ranchi,Bengaluru,G8 388
Ranchi,Bengaluru,G8 148
Ranchi,Bengaluru,G8 148
Ranchi,Bengaluru,G8 388
Ranchi,Bengaluru,G8 388
Ranchi,Bengaluru,G8 388
Ranchi,Bengaluru,G8 388
Ranchi,Bengaluru,G8 388
Ranchi,Bengaluru,G8 388
Ranchi,Bengaluru,G8 388
Ranchi,Bengaluru,G8 148
Ranchi,Bengaluru,G8 388
Ranchi,Bengaluru,G8 388
Ranchi,Bengaluru,G8 148
Ranchi,Bengaluru,G8 388
Ranchi,Bengaluru,G8 388
Ranchi,Bengaluru,G8 238
Ranchi,Bengaluru,G8 375
Ranchi,Chandigarh,G8 388
Ranchi,Chandigarh,G8 388
Ranchi,Chandigarh,G8 388
Ranchi,Chandigarh,G8 388
Ranchi,Chennai,G8 388
Ranchi,Chennai,G8 388
Ranchi,Chennai,G8 388
Ranchi,Chennai,G8 388
Ranchi,Chennai,G8 388
Ranchi,Chennai,G8 388
Ranchi,Chennai,G8 388
Ranchi,Chennai,G8 388
Ranchi,Chennai,G8 388
Ranchi,Chennai,G8 388
Ranchi,Chennai,G8 388
Ranchi,Chennai,G8 388
Ranchi,Chennai,G8 388
Ranchi,Chennai,G8 388
Ranchi,Chennai,G8 388
Ranchi,Delhi,G8 148
Ranchi,Delhi,G8 388
Ranchi,Delhi,G8 388
Ranchi,Delhi,G8 388
Ranchi,Delhi,G8 388
Ranchi,Delhi,G8 388
Ranchi,Delhi,G8 388
Ranchi,Delhi,G8 388
Ranchi,Delhi,G8 148
Ranchi,Delhi,G8 388
Ranchi,Delhi,G8 388
Ranchi,Delhi,G8 388
Ranchi,Delhi,G8 388
Ranchi,Delhi,G8 388
Ranchi,Delhi,G8 388
Ranchi,Delhi,G8 388
Ranchi,Delhi,G8 148
Ranchi,Delhi,G8 148
Ranchi,Delhi,G8 388
Ranchi,Delhi,G8 388
Ranchi,Delhi,G8 388
Ranchi,Delhi,G8 388
Ranchi,Delhi,G8 388
Ranchi,Delhi,G8 388
Ranchi,Delhi,G8 388
Ranchi,Delhi,G8 148
Ranchi,Delhi,G8 148
Ranchi,Delhi,G8 388
Ranchi,Delhi,G8 388
Ranchi,Delhi,G8 388
Ranchi,Delhi,G8 238
Ranchi,Goa,G8 388
Ranchi,Goa,G8 388
Ranchi,Goa,G8 388
Ranchi,Goa,G8 148
Ranchi,Goa,G8 388
Ranchi,Goa,G8 388
Ranchi,Goa,G8 388
Ranchi,Goa,G8 148
Ranchi,Goa,G8 388
Ranchi,Goa,G8 388
Ranchi,Goa,G8 388
Ranchi,Goa,G8 148
Ranchi,Goa,G8 388
Ranchi,Goa,G8 375
Ranchi,Hyderabad,G8 238
Ranchi,Kochi,G8 375
Ranchi,Kochi,G8 388
Ranchi,Kochi,G8 375
Ranchi,Kochi,G8 388
Ranchi,Kochi,G8 388
Ranchi,Kochi,G8 375
Ranchi,Kochi,G8 388
Ranchi,Kochi,G8 388
Ranchi,Kochi,G8 375
Ranchi,Kochi,G8 388
Ranchi,Kochi,G8 388
Ranchi,Kochi,G8 375
Ranchi,Kolkata,G8 148
Ranchi,Kolkata,G8 148
Ranchi,Kolkata,G8 148
Ranchi,Kolkata,G8 148
Ranchi,Kolkata,G8 148
Ranchi,Kolkata,G8 148
Ranchi,Kolkata,G8 148
Ranchi,Leh,G8 148
Ranchi,Leh,G8 148
Ranchi,Leh,G8 148
Ranchi,Leh,G8 148
Ranchi,Leh,G8 148
Ranchi,Leh,G8 148
Ranchi,Leh,G8 148
Ranchi,Leh,G8 148
Ranchi,Leh,G8 148
Ranchi,Leh,G8 148
Ranchi,Leh,G8 148
Ranchi,Leh,G8 148
Ranchi,Leh,G8 148
Ranchi,Leh,G8 148
Ranchi,Leh,G8 148
Ranchi,Leh,G8 148
Ranchi,Leh,G8 148
Ranchi,Leh,G8 148
Ranchi,Leh,G8 148
Ranchi,Leh,G8 148
Ranchi,Leh,G8 148
Ranchi,Leh,G8 148
Ranchi,Leh,G8 148
Ranchi,Leh,G8 148
Ranchi,Leh,G8 148
Ranchi,Leh,G8 148
Ranchi,Leh,G8 148
Ranchi,Leh,G8 148
Ranchi,Leh,G8 148
Ranchi,Leh,G8 148
Ranchi,Leh,G8 148
Ranchi,Leh,G8 148
Ranchi,Leh,G8 148
Ranchi,Leh,G8 148
Ranchi,Leh,G8 148
Ranchi,Leh,G8 148
Ranchi,Leh,G8 148
Ranchi,Leh,G8 148
Ranchi,Leh,G8 148
Ranchi,Leh,G8 148
Ranchi,Leh,G8 148
Ranchi,Leh,G8 148
Ranchi,Leh,G8 148
Ranchi,Leh,G8 148
Ranchi,Leh,G8 148
Ranchi,Leh,G8 148
Ranchi,Leh,G8 148
Ranchi,Leh,G8 148
Ranchi,Leh,G8 148
Ranchi,Leh,G8 238
Ranchi,Mumbai,G8 148
Ranchi,Mumbai,G8 148
Ranchi,Mumbai,G8 148
Ranchi,Mumbai,G8 375
Ranchi,Mumbai,G8 388
Ranchi,Mumbai,G8 375
Ranchi,Mumbai,G8 388
Ranchi,Mumbai,G8 148
Ranchi,Mumbai,G8 148
Ranchi,Mumbai,G8 388
Ranchi,Mumbai,G8 388
Ranchi,Mumbai,G8 148
Ranchi,Mumbai,G8 148
Ranchi,Mumbai,G8 148
Ranchi,Mumbai,G8 148
Ranchi,Mumbai,G8 375
Ranchi,Mumbai,G8 238
Ranchi,Mumbai,G8 375
Ranchi,Mumbai,G8 388
Ranchi,Mumbai,G8 388
Ranchi,Mumbai,G8 148
Ranchi,Mumbai,G8 148
Ranchi,Mumbai,G8 375
Ranchi,Mumbai,G8 148
Ranchi,Mumbai,G8 148
Ranchi,Mumbai,G8 388
Ranchi,Mumbai,G8 375
Ranchi,Mumbai,G8 238
Ranchi,Mumbai,G8 238
Ranchi,Mumbai,G8 238
Ranchi,Nagpur,G8 388
Ranchi,Nagpur,G8 388
Ranchi,Nagpur,G8 388
Ranchi,Nagpur,G8 388
Ranchi,Nagpur,G8 388
Ranchi,Nagpur,G8 388
Ranchi,Nagpur,G8 388
Ranchi,Nagpur,G8 388
Ranchi,Nagpur,G8 388
Ranchi,Nagpur,G8 388
Ranchi,Nagpur,G8 388
Ranchi,Nagpur,G8 388
Ranchi,Nagpur,G8 388
Ranchi,Nagpur,G8 388
Ranchi,Patna,G8 148
Ranchi,Patna,G8 148
Ranchi,Patna,G8 148
Ranchi,Patna,G8 148
Ranchi,Patna,G8 148
Ranchi,Patna,G8 148
Ranchi,Phuket,G8 148
Ranchi,Phuket,G8 388
Ranchi,Phuket,G8 388
Ranchi,Phuket,G8 148
Ranchi,Phuket,G8 388
Ranchi,Phuket,G8 388
Ranchi,Phuket,G8 388
Ranchi,Phuket,G8 388
Ranchi,Phuket,G8 148
Ranchi,Phuket,G8 148
Ranchi,Phuket,G8 388
Ranchi,Phuket,G8 388
Ranchi,Phuket,G8 148
Ranchi,Phuket,G8 388
Ranchi,Phuket,G8 148
Ranchi,Phuket,G8 388
Ranchi,Phuket,G8 148
Ranchi,Phuket,G8 388
Ranchi,Pune,G8 148
Ranchi,Pune,G8 148
Ranchi,Pune,G8 148
Ranchi,Pune,G8 238
Ranchi,Pune,G8 375
Ranchi,Srinagar,G8 148
Ranchi,Srinagar,G8 148
Ranchi,Srinagar,G8 148
Ranchi,Srinagar,G8 148
Ranchi,Srinagar,G8 148
Ranchi,Srinagar,G8 148
Ranchi,Srinagar,G8 148
Ranchi,Srinagar,G8 148
Ranchi,Srinagar,G8 148
Ranchi,Srinagar,G8 148
Ranchi,Srinagar,G8 148
Ranchi,Srinagar,G8 148
Ranchi,Srinagar,G8 148
Ranchi,Srinagar,G8 148
Ranchi,Srinagar,G8 148
Ranchi,Srinagar,G8 148
Ranchi,Srinagar,G8 148
Ranchi,Srinagar,G8 238
Ranchi,Varanasi,G8 375
Ranchi,Varanasi,G8 375
Ranchi,Varanasi,G8 375
Ranchi,Varanasi,G8 375
Ranchi,Varanasi,G8 375
Ranchi,Varanasi,G8 375
Srinagar,Abu Dhabi,G8 287
Srinagar,Abu Dhabi,G8 386
Srinagar,Abu Dhabi,G8 289
Srinagar,Abu Dhabi,G8 197
Srinagar,Abu Dhabi,G8 287
Srinagar,Abu Dhabi,G8 386
Srinagar,Abu Dhabi,G8 197
Srinagar,Abu Dhabi,G8 289
Srinagar,Abu Dhabi,G8 386
Srinagar,Abu Dhabi,G8 6202
Srinagar,Abu Dhabi,G8 6202
Srinagar,Abu Dhabi,G8 192
Srinagar,Abu Dhabi,G8 193
Srinagar,Abu Dhabi,G8 358
Srinagar,Ahmedabad,G8 149
Srinagar,Ahmedabad,G8 197
Srinagar,Ahmedabad,G8 287
Srinagar,Ahmedabad,G8 289
Srinagar,Ahmedabad,G8 197
Srinagar,Ahmedabad,G8 197
Srinagar,Ahmedabad,G8 197
Srinagar,Ahmedabad,G8 149
Srinagar,Ahmedabad,G8 149
Srinagar,Ahmedabad,G8 189
Srinagar,Ahmedabad,G8 197
Srinagar,Ahmedabad,G8 287
Srinagar,Ahmedabad,G8 149
Srinagar,Ahmedabad,G8 189
Srinagar,Ahmedabad,G8 197
Srinagar,Ahmedabad,G8 289
Srinagar,Ahmedabad,G8 386
Srinagar,Ahmedabad,G8 197
Srinagar,Ahmedabad,G8 197
Srinagar,Ahmedabad,G8 6202
Srinagar,Ahmedabad,G8 6202
Srinagar,Ahmedabad,G8 6202
Srinagar,Ahmedabad,G8 6202
Srinagar,Ahmedabad,G8 913
Srinagar,Ahmedabad,G8 913
Srinagar,Ahmedabad,G8 192
Srinagar,Ahmedabad,G8 192
Srinagar,Ahmedabad,G8 193
Srinagar,Ahmedabad,G8 193
Srinagar,Ahmedabad,G8 358
Srinagar,Ahmedabad,G8 358
Srinagar,Amritsar,G8 287
Srinagar,Amritsar,G8 289
Srinagar,Amritsar,G8 287
Srinagar,Amritsar,G8 287
Srinagar,Amritsar,G8 289
Srinagar,Amritsar,G8 386
Srinagar,Bagdogra,G8 197
Srinagar,Bagdogra,G8 197
Srinagar,Bagdogra,G8 197
Srinagar,Bagdogra,G8 197
Srinagar,Bagdogra,G8 149
Srinagar,Bagdogra,G8 189
Srinagar,Bagdogra,G8 197
Srinagar,Bagdogra,G8 192
Srinagar,Bagdogra,G8 358
Srinagar,Bangkok,G8 149
Srinagar,Bangkok,G8 189
Srinagar,Bangkok,G8 197
Srinagar,Bangkok,G8 287
Srinagar,Bangkok,G8 289
Srinagar,Bangkok,G8 197
Srinagar,Bangkok,G8 197
Srinagar,Bangkok,G8 149
Srinagar,Bangkok,G8 189
Srinagar,Bangkok,G8 197
Srinagar,Bangkok,G8 149
Srinagar,Bangkok,G8 189
Srinagar,Bangkok,G8 197
Srinagar,Bangkok,G8 287
Srinagar,Bangkok,G8 289
Srinagar,Bengaluru,G8 149
Srinagar,Bengaluru,G8 197
Srinagar,Bengaluru,G8 197
Srinagar,Bengaluru,G8 287
Srinagar,Bengaluru,G8 289
Srinagar,Bengaluru,G8 197
Srinagar,Bengaluru,G8 197
Srinagar,Bengaluru,G8 197
Srinagar,Bengaluru,G8 197
Srinagar,Bengaluru,G8 197
Srinagar,Bengaluru,G8 287
Srinagar,Bengaluru,G8 386
Srinagar,Bengaluru,G8 287
Srinagar,Bengaluru,G8 287
Srinagar,Bengaluru,G8 386
Srinagar,Bengaluru,G8 149
Srinagar,Bengaluru,G8 197
Srinagar,Bengaluru,G8 197
Srinagar,Bengaluru,G8 287
Srinagar,Bengaluru,G8 149
Srinagar,Bengaluru,G8 189
Srinagar,Bengaluru,G8 189
Srinagar,Bengaluru,G8 197
Srinagar,Bengaluru,G8 289
Srinagar,Bengaluru,G8 386
Srinagar,Bengaluru,G8 197
Srinagar,Bengaluru,G8 197
Srinagar,Bengaluru,G8 6202
Srinagar,Bengaluru,G8 6202
Srinagar,Bengaluru,G8 192
Srinagar,Bengaluru,G8 193
Srinagar,Bengaluru,G8 358
Srinagar,Chandigarh,G8 199
Srinagar,Chandigarh,G8 199
Srinagar,Chandigarh,G8 913
Srinagar,Chandigarh,G8 913
Srinagar,Chennai,G8 287
Srinagar,Chennai,G8 287
Srinagar,Chennai,G8 287
Srinagar,Chennai,G8 287
Srinagar,Chennai,G8 287
Srinagar,Chennai,G8 287
Srinagar,Chennai,G8 386
Srinagar,Delhi,G8 149
Srinagar,Delhi,G8 197
Srinagar,Delhi,G8 197
Srinagar,Delhi,G8 197
Srinagar,Delhi,G8 197
Srinagar,Delhi,G8 149
Srinagar,Delhi,G8 197
Srinagar,Delhi,G8 149
Srinagar,Delhi,G8 189
Srinagar,Delhi,G8 197
Srinagar,Delhi,G8 197
Srinagar,Delhi,G8 6202
Srinagar,Delhi,G8 6202
Srinagar,Delhi,G8 192
Srinagar,Delhi,G8 193
Srinagar,Delhi,G8 358
Srinagar,Goa,G8 287
Srinagar,Goa,G8 287
Srinagar,Goa,G8 289
Srinagar,Goa,G8 289
Srinagar,Goa,G8 287
Srinagar,Goa,G8 287
Srinagar,Goa,G8 289
Srinagar,Goa,G8 289
Srinagar,Goa,G8 386
Srinagar,Goa,G8 386
Srinagar,Goa,G8 386
Srinagar,Goa,G8 192
Srinagar,Guwahati,G8 192
Srinagar,Guwahati,G8 358
Srinagar,Hyderabad,G8 149
Srinagar,Hyderabad,G8 197
Srinagar,Hyderabad,G8 197
Srinagar,Hyderabad,G8 197
Srinagar,Hyderabad,G8 197
Srinagar,Hyderabad,G8 149
Srinagar,Hyderabad,G8 197
Srinagar,Hyderabad,G8 189
Srinagar,Hyderabad,G8 197
Srinagar,Hyderabad,G8 197
Srinagar,Hyderabad,G8 6202
Srinagar,Hyderabad,G8 6202
Srinagar,Hyderabad,G8 193
Srinagar,Hyderabad,G8 358
Srinagar,Jaipur,G8 287
Srinagar,Jaipur,G8 289
Srinagar,Jaipur,G8 287
Srinagar,Jaipur,G8 289
Srinagar,Jaipur,G8 386
Srinagar,Jammu,G8 213
Srinagar,Jammu,G8 213
Srinagar,Jammu,G8 213
Srinagar,Jammu,G8 213
Srinagar,Kannur,G8 386
Srinagar,Kannur,G8 386
Srinagar,Kannur,G8 386
Srinagar,Kannur,G8 386
Srinagar,Kannur,G8 386
Srinagar,Kannur,G8 386
Srinagar,Kolkata,G8 197
Srinagar,Kolkata,G8 197
Srinagar,Kolkata,G8 197
Srinagar,Kolkata,G8 197
Srinagar,Kolkata,G8 197
Srinagar,Kolkata,G8 197
Srinagar,Kolkata,G8 149
Srinagar,Kolkata,G8 149
Srinagar,Kolkata,G8 189
Srinagar,Kolkata,G8 189
Srinagar,Kolkata,G8 197
Srinagar,Kuwait,G8 386
Srinagar,Kuwait,G8 386
Srinagar,Leh,G8 149
Srinagar,Leh,G8 197
Srinagar,Leh,G8 197
Srinagar,Leh,G8 197
Srinagar,Leh,G8 197
Srinagar,Leh,G8 197
Srinagar,Leh,G8 197
Srinagar,Leh,G8 197
Srinagar,Leh,G8 197
Srinagar,Leh,G8 149
Srinagar,Leh,G8 197
Srinagar,Leh,G8 197
Srinagar,Leh,G8 197
Srinagar,Leh,G8 149
Srinagar,Leh,G8 149
Srinagar,Leh,G8 149
Srinagar,Leh,G8 149
Srinagar,Leh,G8 149
Srinagar,Leh,G8 149
Srinagar,Leh,G8 189
Srinagar,Leh,G8 189
Srinagar,Leh,G8 189
Srinagar,Leh,G8 189
Srinagar,Leh,G8 189
Srinagar,Leh,G8 197
Srinagar,Leh,G8 197
Srinagar,Leh,G8 197
Srinagar,Leh,G8 192
Srinagar,Lucknow,G8 386
Srinagar,Mumbai,G8 149
Srinagar,Mumbai,G8 149
Srinagar,Mumbai,G8 149
Srinagar,Mumbai,G8 197
Srinagar,Mumbai,G8 197
Srinagar,Mumbai,G8 197
Srinagar,Mumbai,G8 199
Srinagar,Mumbai,G8 287
Srinagar,Mumbai,G8 289
Srinagar,Mumbai,G8 197
Srinagar,Mumbai,G8 197
Srinagar,Mumbai,G8 197
Srinagar,Mumbai,G8 197
Srinagar,Mumbai,G8 197
Srinagar,Mumbai,G8 197
Srinagar,Mumbai,G8 197
Srinagar,Mumbai,G8 149
Srinagar,Mumbai,G8 149
Srinagar,Mumbai,G8 189
Srinagar,Mumbai,G8 193
Srinagar,Mumbai,G8 197
Srinagar,Mumbai,G8 197
Srinagar,Mumbai,G8 199
Srinagar,Mumbai,G8 6202
Srinagar,Mumbai,G8 6202
Srinagar,Mumbai,G8 913
Srinagar,Mumbai,G8 149
Srinagar,Mumbai,G8 149
Srinagar,Mumbai,G8 197
Srinagar,Mumbai,G8 199
Srinagar,Mumbai,G8 287
Srinagar,Mumbai,G8 913
Srinagar,Mumbai,G8 149
Srinagar,Mumbai,G8 149
Srinagar,Mumbai,G8 149
Srinagar,Mumbai,G8 189
Srinagar,Mumbai,G8 189
Srinagar,Mumbai,G8 197
Srinagar,Mumbai,G8 197
Srinagar,Mumbai,G8 197
Srinagar,Mumbai,G8 289
Srinagar,Mumbai,G8 192
Srinagar,Mumbai,G8 193
Srinagar,Mumbai,G8 358
Srinagar,Mumbai,G8 386
Srinagar,Mumbai,G8 197
Srinagar,Mumbai,G8 197
Srinagar,Mumbai,G8 6202
Srinagar,Mumbai,G8 6202
Srinagar,Mumbai,G8 6202
Srinagar,Mumbai,G8 6202
Srinagar,Mumbai,G8 913
Srinagar,Mumbai,G8 192
Srinagar,Mumbai,G8 193
Srinagar,Mumbai,G8 193
Srinagar,Mumbai,G8 358
Srinagar,Nagpur,G8 289
Srinagar,Nagpur,G8 197
Srinagar,Nagpur,G8 197
Srinagar,Nagpur,G8 289
Srinagar,Nagpur,G8 386
Srinagar,Nagpur,G8 6202
Srinagar,Nagpur,G8 6202
Srinagar,Nagpur,G8 192
Srinagar,Nagpur,G8 193
Srinagar,Nagpur,G8 358
Srinagar,Patna,G8 149
Srinagar,Phuket,G8 149
Srinagar,Phuket,G8 189
Srinagar,Phuket,G8 197
Srinagar,Phuket,G8 287
Srinagar,Phuket,G8 197
Srinagar,Phuket,G8 287
Srinagar,Phuket,G8 197
Srinagar,Phuket,G8 197
Srinagar,Phuket,G8 149
Srinagar,Phuket,G8 189
Srinagar,Phuket,G8 197
Srinagar,Phuket,G8 287
Srinagar,Phuket,G8 287
Srinagar,Phuket,G8 149
Srinagar,Phuket,G8 189
Srinagar,Phuket,G8 197
Srinagar,Pune,G8 149
Srinagar,Pune,G8 149
Srinagar,Pune,G8 197
Srinagar,Pune,G8 192
Srinagar,Pune,G8 193
Srinagar,Pune,G8 197
Srinagar,Pune,G8 358
Srinagar,Pune,G8 6202
Srinagar,Pune,G8 6202
Srinagar,Pune,G8 192
Srinagar,Pune,G8 193
Srinagar,Pune,G8 197
Srinagar,Pune,G8 197
Srinagar,Pune,G8 197
Srinagar,Pune,G8 358
Srinagar,Pune,G8 197
Srinagar,Pune,G8 149
Srinagar,Pune,G8 149
Srinagar,Pune,G8 197
Srinagar,Pune,G8 192
Srinagar,Pune,G8 193
Srinagar,Pune,G8 197
Srinagar,Pune,G8 197
Srinagar,Pune,G8 358
Srinagar,Pune,G8 6202
Srinagar,Pune,G8 6202
Srinagar,Pune,G8 197
Srinagar,Pune,G8 6202
Srinagar,Pune,G8 6202
Srinagar,Pune,G8 6202
Srinagar,Pune,G8 6202
Srinagar,Pune,G8 192
Srinagar,Pune,G8 192
Srinagar,Pune,G8 192
Srinagar,Pune,G8 193
Srinagar,Pune,G8 193
Srinagar,Pune,G8 358
Srinagar,Pune,G8 358
Srinagar,Ranchi,G8 192
Srinagar,Ranchi,G8 193
Srinagar,Ranchi,G8 358
Srinagar,Ranchi,G8 6202
Srinagar,Ranchi,G8 6202
Srinagar,Ranchi,G8 386
Srinagar,Ranchi,G8 386
Srinagar,Ranchi,G8 149
Srinagar,Ranchi,G8 192
Srinagar,Ranchi,G8 193
Srinagar,Ranchi,G8 358
Srinagar,Ranchi,G8 6202
Srinagar,Ranchi,G8 6202
Srinagar,Ranchi,G8 386
Srinagar,Ranchi,G8 197
Srinagar,Ranchi,G8 386
Srinagar,Ranchi,G8 192
Srinagar,Ranchi,G8 193
Srinagar,Ranchi,G8 358
Srinagar,Ranchi,G8 6202
Srinagar,Ranchi,G8 6202
Srinagar,Ranchi,G8 192
Srinagar,Ranchi,G8 193
Srinagar,Ranchi,G8 358
Srinagar,Ranchi,G8 6202
Srinagar,Ranchi,G8 6202
Srinagar,Ranchi,G8 386
Srinagar,Ranchi,G8 386
Srinagar,Ranchi,G8 149
Srinagar,Ranchi,G8 192
Srinagar,Ranchi,G8 193
Srinagar,Ranchi,G8 358
Srinagar,Ranchi,G8 6202
Srinagar,Ranchi,G8 6202
Srinagar,Ranchi,G8 192
Srinagar,Ranchi,G8 193
Srinagar,Ranchi,G8 197
Srinagar,Ranchi,G8 358
Srinagar,Ranchi,G8 6202
Srinagar,Ranchi,G8 6202
Srinagar,Ranchi,G8 386
Srinagar,Ranchi,G8 192
Srinagar,Ranchi,G8 358
Srinagar,Varanasi,G8 386
Thoise,Delhi,G8 6302
Varanasi,Abu Dhabi,G8 350
Varanasi,Abu Dhabi,G8 350
Varanasi,Ahmedabad,G8 350
Varanasi,Ahmedabad,G8 768
Varanasi,Amritsar,G8 350
Varanasi,Amritsar,G8 350
Varanasi,Amritsar,G8 350
Varanasi,Amritsar,G8 350
Varanasi,Bangkok,G8 350
Varanasi,Bangkok,G8 350
Varanasi,Bengaluru,G8 408
Varanasi,Bengaluru,G8 408
Varanasi,Bengaluru,G8 350
Varanasi,Bengaluru,G8 408
Varanasi,Bengaluru,G8 408
Varanasi,Bengaluru,G8 350
Varanasi,Bengaluru,G8 350
Varanasi,Bengaluru,G8 408
Varanasi,Bengaluru,G8 350
Varanasi,Bengaluru,G8 408
Varanasi,Bengaluru,G8 768
Varanasi,Chandigarh,G8 350
Varanasi,Chandigarh,G8 768
Varanasi,Chandigarh,G8 768
Varanasi,Chennai,G8 350
Varanasi,Chennai,G8 350
Varanasi,Chennai,G8 350
Varanasi,Chennai,G8 350
Varanasi,Chennai,G8 350
Varanasi,Chennai,G8 350
Varanasi,Chennai,G8 350
Varanasi,Chennai,G8 350
Varanasi,Chennai,G8 350
Varanasi,Goa,G8 350
Varanasi,Goa,G8 350
Varanasi,Goa,G8 768
Varanasi,Goa,G8 768
Varanasi,Goa-New Goa,G8 408
Varanasi,Goa-New Goa,G8 408
Varanasi,Goa-New Goa,G8 408
Varanasi,Goa-New Goa,G8 408
Varanasi,Goa-New Goa,G8 408
Varanasi,Goa-New Goa,G8 408
Varanasi,Jaipur,G8 408
Varanasi,Jaipur,G8 408
Varanasi,Jaipur,G8 408
Varanasi,Jaipur,G8 408
Varanasi,Jaipur,G8 408
Varanasi,Jaipur,G8 408
Varanasi,Jaipur,G8 350
Varanasi,Jaipur,G8 408
Varanasi,Mumbai,G8 408
Varanasi,Mumbai,G8 408
Varanasi,Mumbai,G8 408
Varanasi,Mumbai,G8 408
Varanasi,Mumbai,G8 408
Varanasi,Mumbai,G8 408
Varanasi,Mumbai,G8 350
Varanasi,Mumbai,G8 408
Varanasi,Mumbai,G8 408
Varanasi,Patna,G8 408
Varanasi,Patna,G8 408
Varanasi,Patna,G8 408
Varanasi,Patna,G8 408
Varanasi,Patna,G8 408
Varanasi,Patna,G8 408
Varanasi,Phuket,G8 408
Varanasi,Phuket,G8 408
Varanasi,Phuket,G8 350
Varanasi,Phuket,G8 350
Varanasi,Phuket,G8 408
Varanasi,Phuket,G8 408
Varanasi,Phuket,G8 350
Varanasi,Phuket,G8 408
Varanasi,Phuket,G8 350
Varanasi,Phuket,G8 350
Varanasi,Phuket,G8 408
Varanasi,Ranchi,G8 408
Varanasi,Ranchi,G8 408
